,$PLTR,RT,,@YouTube,$NIO,Business,Explained,Palantir's,-Long,https://t.co/WUHz5oETO0,@saxena_puru:,$PLTR:,vs.,Auto,offering,2020,@charliebilello:,IPOs,priceLi,$LI:,+254%Palantir,+191%Unity,$U:,+164%Snowflake,$SNOW:,+152%ZoomInfo,I,c'est,$TDOC,PLTR,$SQ,$WKHS,$JMIA,$FSLY,portfolio,$SE,$TTD,$GRWG,$UBER,back,Army,The,$PINS,$CRWD,$DDOG,weekly,$OKTA,snapshot$ROKU,$MDB,This,today,stocks,$FUBO,$MELI,$LSPD,$AFTPY,new,@cperruna:,$TCEHY,$TSLA,$FSR,$WORK,$APPN,$CCL,$AAL,$BA,$BLNK,$LCA,$IDEX,$EOSE,$SFT,$SWIR,$TOUR,$PGEN,$BQ,$20,best,big,smaller,"Notice,",yesterday's,rally,"indices,",indices,"""rested""",momo,sparked,$ROKU,list,de,contract,Palantir,$SNAP,higher,addition,PEG,list.,Look,trek,days/weeks.,Targets:,@traderstewie:,life!,$DKNG,$DAO,$DOCU,Portfolio,1),summary,Nov-end$ADYEY,@alexcutler247:,&amp;,@HedgeMind:,$QQQ,time,$pltr,@KellyKa62940472:,$NBAC,$SPX,@HarmonicCharts:,#Harmonics,#Charts,#Trading,#TA,#SPX,$ES_F,$Dow,#Dow,$RUT,#DAX,#FTSE,$NQ,#NQ,$Nasdaq,#Techs,#FANGMAN#PLTRT,results,earnings,$AMZN,$FB,$GOOG,tweet,previous,$NFLX,$RPLA,Nailed,stamp,$DIA,$AAPl,en,$GDRX,$FROG,Updated,-$ADYEY,$PGNY,$SHOP,que,@adri_pltr,Soros,$tsla,quarterly,-Revenue,+52%YOY15,"deals,",&gt;,$5m,total,valueAvg.,revenue/customer,$MSFT,@cambridgealgo:,Technologies,Inc.,VERY,INTERESTING,sequence,un,US,Our,shares,What,$spy,$5.8m,@adri_pltr:,du,Un,"""Joueur",sera,remis,ans,petit,Data,Command,$msft,$aapl,$penn,$amzn,$fsr,$spx,$qqq
0,0.044504383007417395,0.024275118004045852,0.008766014834794335,0.0013486176668914363,0.0,0.0,0.0,0.0,0.0,0.0,0.006068779501011463,0.0,0.0,0.0,0.0,0.0,0.0,0.0,0.0,0.0,0.0,0.0,0.0,0.0,0.0,0.0,0.008091706001348618,0.0,0.0,0.0020229265003371545,0.0,0.0,0.0,0.0006743088334457181,0.0,0.0,0.0,0.0,0.0,0.0006743088334457181,0.0,0.0013486176668914363,0.0,0.0,0.0,0.0,0.0,0.0,0.0,0.0006743088334457181,0.0,0.0,0.0,0.0,0.0,0.0,0.009440323668240054,0.0,0.0,0.0013486176668914363,0.0,0.0,0.0,0.0,0.0,0.0,0.0,0.0,0.0,0.0,0.0,0.0,0.0,0.0,0.0,0.0,0.0,0.0026972353337828725,0.0,0.0,0.0,0.0,0.0,0.0,0.0,0.0,0.0,0.0,0.0006743088334457181,0.0,0.008766014834794335,0.005394470667565745,0.0,0.0,0.0,0.0,0.0,0.0,0.0,0.0,0.0,0.0,0.0,0.0,0.0,0.0,0.0,0.0,0.0,0.0,0.0006743088334457181,0.0006743088334457181,0.0006743088334457181,0.0,0.0,0.004045853000674309,0.0,0.0,0.0,0.0,0.0,0.0,0.0,0.0,0.0,0.0,0.0,0.0,0.0,0.0,0.0,0.0,0.0,0.0,0.0,0.0,0.007417397167902899,0.007417397167902899,0.0006743088334457181,0.0,0.0,0.0,0.0,0.0,0.0,0.0,0.0,0.0,0.0,0.0006743088334457181,0.0,0.0,0.0,0.0,0.0,0.0,0.0,0.0,0.0,0.0006743088334457181,0.006743088334457181,0.006743088334457181,0.006743088334457181,0.006743088334457181,0.006743088334457181,0.006743088334457181,0.006743088334457181,0.006743088334457181,0.006743088334457181,0.0,0.0,0.0013486176668914363,0.0,0.0,0.0,0.0,0.0,0.0013486176668914363,0.0,0.0,0.0013486176668914363,0.0006743088334457181,0.006068779501011463,0.0006743088334457181,0.0006743088334457181,0.0,0.0,0.0,0.0,0.0,0.0,0.0006743088334457181,0.0,0.0006743088334457181,0.0006743088334457181,0.0,0.0,0.0,0.0,0.0
1,0.02657601977750309,0.018541409147095178,0.02843016069221261,0.0,0.0,0.0,0.0,0.0,0.0,0.0,0.0,0.0006180469715698393,0.0,0.0,0.0,0.0,0.0,0.0,0.0,0.0,0.0,0.0,0.0,0.0,0.0,0.0,0.0030902348578491965,0.0,0.0,0.0030902348578491965,0.0,0.0,0.0,0.0,0.0006180469715698393,0.0,0.0,0.0,0.0,0.0006180469715698393,0.0,0.0006180469715698393,0.002472187886279357,0.0,0.0,0.0,0.0,0.0,0.0,0.0006180469715698393,0.0030902348578491965,0.001854140914709518,0.0,0.0,0.0,0.0,0.001854140914709518,0.0,0.0,0.004326328800988875,0.0012360939431396785,0.0006180469715698393,0.0006180469715698393,0.0012360939431396785,0.0012360939431396785,0.0,0.0,0.0,0.0,0.0,0.0,0.0,0.0,0.0,0.0,0.0,0.0012360939431396785,0.0006180469715698393,0.0006180469715698393,0.0,0.0,0.0,0.0,0.0,0.0,0.0,0.0,0.0,0.0,0.0012360939431396785,0.0,0.002472187886279357,0.004944375772558714,0.0,0.0,0.0,0.0,0.0,0.0,0.0,0.0,0.0,0.0,0.001854140914709518,0.0,0.0,0.0,0.0,0.0,0.0,0.0,0.003708281829419036,0.0,0.0012360939431396785,0.0,0.005562422744128554,0.0,0.0,0.0,0.0,0.0,0.0,0.0,0.0,0.0,0.0,0.0,0.0,0.0,0.0,0.0,0.0,0.0,0.0,0.0,0.0,0.0,0.0012360939431396785,0.001854140914709518,0.002472187886279357,0.001854140914709518,0.0006180469715698393,0.0012360939431396785,0.0,0.0,0.0,0.0,0.0,0.0,0.001854140914709518,0.002472187886279357,0.0006180469715698393,0.0,0.0,0.0,0.0,0.002472187886279357,0.001854140914709518,0.001854140914709518,0.0006180469715698393,0.0,0.0,0.0,0.0,0.0012360939431396785,0.0,0.0,0.0,0.0,0.0,0.0,0.0,0.0,0.0,0.0,0.0,0.0,0.001854140914709518,0.0012360939431396785,0.002472187886279357,0.0012360939431396785,0.002472187886279357,0.0,0.0,0.0,0.0,0.0,0.0,0.0,0.0,0.0,0.0,0.0,0.001854140914709518,0.002472187886279357,0.0012360939431396785,0.0012360939431396785,0.0006180469715698393,0.0,0.0
2,0.02599873176918199,0.029803424223208624,0.0019023462270133164,0.0,0.0,0.0,0.0,0.0,0.0,0.0,0.0006341154090044388,0.0,0.0,0.0,0.0,0.0,0.0,0.0,0.0,0.0,0.0,0.0,0.0,0.0,0.0,0.0,0.013950538998097653,0.0,0.0,0.0025364616360177552,0.0,0.0,0.0,0.0025364616360177552,0.0025364616360177552,0.0,0.0,0.0,0.0,0.0,0.0,0.0012682308180088776,0.0006341154090044388,0.0,0.0,0.0,0.0,0.0,0.0,0.0006341154090044388,0.0006341154090044388,0.0012682308180088776,0.0,0.0,0.0,0.0,0.0006341154090044388,0.003804692454026633,0.0,0.0031705770450221942,0.0025364616360177552,0.0,0.0,0.0,0.0,0.0025364616360177552,0.0,0.0,0.0,0.0,0.0,0.0,0.0,0.0,0.0,0.0006341154090044388,0.0012682308180088776,0.0006341154090044388,0.0,0.0,0.0,0.0,0.0,0.0,0.0,0.0,0.0,0.0,0.0019023462270133164,0.0012682308180088776,0.0006341154090044388,0.0031705770450221942,0.0012682308180088776,0.0012682308180088776,0.0,0.0,0.0,0.0,0.0,0.0,0.0,0.0,0.0,0.0,0.0,0.0,0.0,0.0,0.0,0.0,0.0,0.0006341154090044388,0.0006341154090044388,0.0,0.0,0.0031705770450221942,0.0,0.0,0.0006341154090044388,0.0,0.0,0.0,0.0,0.0,0.0,0.0,0.0,0.0,0.0,0.0,0.0,0.0,0.0,0.0,0.0,0.0,0.0006341154090044388,0.0012682308180088776,0.0012682308180088776,0.0031705770450221942,0.0006341154090044388,0.0,0.0012682308180088776,0.0006341154090044388,0.0,0.0,0.0,0.0,0.0,0.0012682308180088776,0.0006341154090044388,0.0,0.0,0.0,0.0,0.0,0.0006341154090044388,0.0025364616360177552,0.006975269499048827,0.0006341154090044388,0.0006341154090044388,0.0006341154090044388,0.0006341154090044388,0.0006341154090044388,0.0006341154090044388,0.0006341154090044388,0.0006341154090044388,0.0006341154090044388,0.0006341154090044388,0.0006341154090044388,0.0,0.0,0.0,0.0,0.0,0.0,0.0006341154090044388,0.0,0.0012682308180088776,0.0063411540900443885,0.0006341154090044388,0.0031705770450221942,0.0006341154090044388,0.0012682308180088776,0.0,0.0,0.0,0.0,0.0,0.0,0.0,0.0,0.0,0.0019023462270133164,0.0031705770450221942,0.0012682308180088776,0.0,0.0012682308180088776,0.0,0.0
3,0.030303030303030304,0.026592455163883734,0.0012368583797155227,0.0,0.0024737167594310453,0.0,0.0,0.0,0.0,0.0,0.0,0.0,0.0,0.0,0.0,0.0,0.0,0.0,0.0,0.0,0.0,0.0,0.0,0.0,0.0,0.0,0.0018552875695732839,0.0,0.0,0.0024737167594310453,0.0,0.0006184291898577613,0.0,0.0,0.0006184291898577613,0.0,0.0,0.0,0.0,0.0,0.0,0.0006184291898577613,0.0,0.0006184291898577613,0.0006184291898577613,0.0006184291898577613,0.0,0.0,0.0,0.0,0.0,0.0006184291898577613,0.0018552875695732839,0.0,0.0,0.0,0.0,0.0006184291898577613,0.0,0.0018552875695732839,0.0006184291898577613,0.0,0.0,0.0,0.0,0.0006184291898577613,0.0,0.0,0.0,0.0,0.0,0.0,0.0,0.0,0.0,0.0006184291898577613,0.0006184291898577613,0.0006184291898577613,0.0,0.0,0.0,0.0,0.0,0.0,0.0,0.0,0.0,0.0018552875695732839,0.0,0.0030921459492888066,0.0,0.0,0.0,0.0,0.0,0.0,0.0,0.0,0.0,0.0,0.0,0.0,0.0,0.0037105751391465678,0.0,0.0,0.0,0.0,0.0,0.0,0.0,0.004947433518862091,0.008039579468150896,0.0,0.0006184291898577613,0.0024737167594310453,0.0,0.0,0.0074211502782931356,0.0074211502782931356,0.0074211502782931356,0.0074211502782931356,0.0074211502782931356,0.0074211502782931356,0.0074211502782931356,0.0074211502782931356,0.0074211502782931356,0.0074211502782931356,0.0074211502782931356,0.0074211502782931356,0.0074211502782931356,0.0074211502782931356,0.0074211502782931356,0.0074211502782931356,0.0074211502782931356,0.0074211502782931356,0.0,0.0012368583797155227,0.0006184291898577613,0.0,0.0,0.0,0.0,0.0,0.0,0.0,0.0,0.0,0.0,0.0012368583797155227,0.0,0.0006184291898577613,0.0,0.0,0.0,0.0,0.0018552875695732839,0.006184291898577613,0.004947433518862091,0.0018552875695732839,0.0,0.0,0.0,0.0,0.0,0.0,0.0012368583797155227,0.0,0.0,0.0,0.0,0.0,0.0,0.0,0.0,0.0,0.0006184291898577613,0.0,0.0,0.0055658627087198514,0.0,0.0024737167594310453,0.0,0.0,0.0,0.0,0.0,0.0,0.0,0.0,0.0,0.0,0.0,0.0018552875695732839,0.0018552875695732839,0.0006184291898577613,0.0,0.0006184291898577613,0.0,0.0
4,0.03309265944645006,0.021660649819494584,0.0030084235860409147,0.0,0.0012033694344163659,0.0,0.0,0.0,0.0,0.0,0.006618531889290012,0.0,0.0,0.0,0.0,0.0,0.0,0.0,0.0,0.0,0.0,0.0,0.0,0.0,0.0,0.0,0.005415162454873646,0.0,0.0,0.006016847172081829,0.0006016847172081829,0.0,0.0,0.0,0.007220216606498195,0.007821901323706379,0.0,0.0,0.0,0.0,0.0,0.0012033694344163659,0.007220216606498195,0.007220216606498195,0.007220216606498195,0.0,0.007220216606498195,0.0,0.0,0.0,0.0024067388688327317,0.0,0.0,0.007220216606498195,0.0,0.0,0.00842358604091456,0.0,0.0,0.0,0.0006016847172081829,0.0006016847172081829,0.0,0.0,0.0,0.0,0.0,0.0,0.0,0.0,0.0,0.0,0.0,0.0,0.0,0.009025270758122744,0.0012033694344163659,0.0018050541516245488,0.0,0.0,0.0,0.0,0.0,0.0,0.0,0.0,0.0,0.007220216606498195,0.0,0.0018050541516245488,0.0,0.0006016847172081829,0.00842358604091456,0.00842358604091456,0.00842358604091456,0.00842358604091456,0.00842358604091456,0.00842358604091456,0.00842358604091456,0.00842358604091456,0.00842358604091456,0.007821901323706379,0.0,0.007220216606498195,0.007220216606498195,0.007220216606498195,0.0,0.0,0.0,0.0,0.0,0.0018050541516245488,0.0,0.0006016847172081829,0.0012033694344163659,0.0024067388688327317,0.0,0.0,0.0006016847172081829,0.0,0.0,0.0,0.0,0.0,0.0,0.0,0.0,0.0,0.0,0.0,0.0,0.0,0.0,0.0,0.0,0.0,0.0,0.0012033694344163659,0.0012033694344163659,0.0012033694344163659,0.0,0.0,0.0,0.0006016847172081829,0.0,0.0,0.0,0.0,0.0,0.0012033694344163659,0.007220216606498195,0.007220216606498195,0.007220216606498195,0.007220216606498195,0.007220216606498195,0.007220216606498195,0.0012033694344163659,0.0006016847172081829,0.0,0.0006016847172081829,0.0,0.0,0.0,0.0,0.0,0.0,0.0,0.0,0.0,0.0006016847172081829,0.0,0.0,0.0,0.0,0.0,0.0,0.0,0.0,0.0,0.0,0.0012033694344163659,0.0024067388688327317,0.0,0.0012033694344163659,0.0,0.0,0.0,0.0,0.0,0.0,0.0,0.0,0.0,0.0006016847172081829,0.0018050541516245488,0.0006016847172081829,0.0,0.0012033694344163659,0.0,0.0
5,0.02377892030848329,0.02634961439588689,0.007069408740359897,0.0,0.0019280205655526992,0.0,0.0,0.0006426735218508997,0.0,0.0,0.0,0.0,0.0006426735218508997,0.0,0.0,0.0,0.0,0.0,0.0,0.0,0.0,0.0,0.0,0.0,0.0,0.0,0.009640102827763496,0.0,0.0,0.003213367609254499,0.0012853470437017994,0.0,0.0,0.0,0.0006426735218508997,0.0,0.0006426735218508997,0.0,0.0,0.010282776349614395,0.0,0.0019280205655526992,0.0,0.0,0.0,0.0,0.0,0.0,0.0,0.0006426735218508997,0.009640102827763496,0.009640102827763496,0.0006426735218508997,0.0,0.0006426735218508997,0.0,0.0,0.0,0.0,0.0012853470437017994,0.0,0.0,0.0,0.0,0.0,0.0,0.0,0.0,0.0,0.0,0.0,0.0,0.0,0.0,0.0,0.0,0.0012853470437017994,0.008997429305912597,0.008997429305912597,0.008997429305912597,0.008997429305912597,0.008997429305912597,0.008997429305912597,0.008997429305912597,0.008997429305912597,0.008997429305912597,0.008997429305912597,0.0,0.0012853470437017994,0.0012853470437017994,0.0,0.0019280205655526992,0.0,0.0,0.0,0.0,0.0,0.0,0.0,0.0,0.0,0.008354755784061696,0.008354755784061696,0.0012853470437017994,0.0,0.0,0.0,0.0,0.0,0.0,0.0006426735218508997,0.0,0.0,0.0,0.0006426735218508997,0.002570694087403599,0.0,0.0,0.0,0.0,0.0,0.0,0.0,0.0,0.0,0.0,0.0,0.0,0.0,0.0,0.0,0.0,0.0,0.0,0.0,0.0,0.0,0.0,0.0,0.0,0.0,0.0006426735218508997,0.0,0.0,0.0,0.0,0.0,0.0,0.0,0.0019280205655526992,0.0006426735218508997,0.0,0.0,0.0,0.0,0.0,0.0012853470437017994,0.0012853470437017994,0.0038560411311053984,0.0,0.0,0.0,0.0,0.0,0.0,0.0,0.0,0.0,0.0,0.0006426735218508997,0.0,0.0012853470437017994,0.0,0.0,0.0,0.0,0.0,0.0006426735218508997,0.0,0.002570694087403599,0.0006426735218508997,0.0006426735218508997,0.0,0.0,0.0,0.0,0.0,0.0,0.0,0.0,0.0,0.0,0.0,0.0006426735218508997,0.0006426735218508997,0.0006426735218508997,0.0,0.0006426735218508997,0.0,0.0
6,0.04404332129963899,0.019494584837545126,0.03176895306859206,0.0,0.0007220216606498195,0.0,0.0,0.0,0.0,0.0,0.0036101083032490976,0.0007220216606498195,0.0,0.0,0.0,0.0,0.0,0.0,0.0,0.0,0.0,0.0,0.0,0.0,0.0,0.0,0.006498194945848376,0.0,0.0,0.0036101083032490976,0.0,0.0,0.0,0.001444043321299639,0.001444043321299639,0.0007220216606498195,0.0,0.0,0.0,0.0021660649819494585,0.010108303249097473,0.002888086642599278,0.0007220216606498195,0.0,0.0007220216606498195,0.0,0.0,0.0,0.0,0.0021660649819494585,0.001444043321299639,0.0021660649819494585,0.0,0.0,0.0,0.0,0.0021660649819494585,0.0,0.0,0.002888086642599278,0.0,0.0,0.0,0.0,0.0,0.0021660649819494585,0.0,0.0,0.0,0.0,0.0,0.0,0.0,0.0,0.0,0.0,0.0,0.001444043321299639,0.0007220216606498195,0.0007220216606498195,0.0007220216606498195,0.0007220216606498195,0.0007220216606498195,0.0007220216606498195,0.0007220216606498195,0.0007220216606498195,0.0007220216606498195,0.0,0.0,0.0007220216606498195,0.0036101083032490976,0.008664259927797834,0.0,0.0,0.0,0.0,0.0,0.0,0.0,0.0,0.0,0.0007220216606498195,0.0007220216606498195,0.0,0.0,0.0,0.0,0.0,0.0,0.0,0.0,0.0,0.0,0.0,0.001444043321299639,0.004332129963898917,0.0,0.0,0.0,0.0,0.0,0.0,0.0,0.0,0.0,0.0,0.0,0.0,0.0,0.0,0.0,0.0,0.0,0.0,0.0,0.0,0.0,0.0,0.0,0.0,0.0,0.0,0.0,0.0,0.0,0.0,0.0,0.0,0.0,0.0,0.0,0.0,0.0,0.0,0.0,0.0,0.0,0.0007220216606498195,0.0007220216606498195,0.001444043321299639,0.0,0.0,0.0,0.0,0.0,0.0,0.0,0.0,0.0,0.0,0.0,0.0007220216606498195,0.0,0.0,0.0,0.0,0.0,0.006498194945848376,0.0,0.004332129963898917,0.0007220216606498195,0.0007220216606498195,0.0,0.0,0.0,0.0,0.0,0.0,0.0,0.0,0.0,0.005776173285198556,0.005776173285198556,0.0,0.0007220216606498195,0.0,0.0,0.0,0.0,0.0
7,0.033942558746736295,0.016318537859007835,0.007180156657963447,0.0,0.0039164490861618795,0.0,0.0,0.0,0.0,0.0,0.0006527415143603133,0.0,0.0,0.0,0.0,0.0,0.0,0.0,0.0,0.0,0.0,0.0,0.0,0.0,0.0,0.0,0.0045691906005221935,0.0,0.0019582245430809398,0.0039164490861618795,0.0013054830287206266,0.0,0.0006527415143603133,0.0026109660574412533,0.0013054830287206266,0.0026109660574412533,0.0,0.0006527415143603133,0.0,0.0006527415143603133,0.0,0.0013054830287206266,0.0006527415143603133,0.0019582245430809398,0.0,0.0,0.0006527415143603133,0.0,0.0,0.0006527415143603133,0.0013054830287206266,0.0026109660574412533,0.0006527415143603133,0.0,0.0026109660574412533,0.0,0.0032637075718015664,0.0,0.0,0.0032637075718015664,0.0032637075718015664,0.0,0.0006527415143603133,0.0,0.0006527415143603133,0.0013054830287206266,0.0006527415143603133,0.0,0.0,0.0,0.0,0.0,0.0,0.0,0.0,0.0,0.0013054830287206266,0.0019582245430809398,0.0006527415143603133,0.0006527415143603133,0.0006527415143603133,0.0006527415143603133,0.0006527415143603133,0.0006527415143603133,0.0006527415143603133,0.0006527415143603133,0.0006527415143603133,0.0013054830287206266,0.0,0.0,0.0,0.0026109660574412533,0.0006527415143603133,0.0,0.0,0.0,0.0,0.0,0.0,0.0,0.0,0.0006527415143603133,0.0006527415143603133,0.0013054830287206266,0.0,0.0,0.0,0.0,0.0,0.0,0.0,0.0006527415143603133,0.0,0.0006527415143603133,0.0006527415143603133,0.0045691906005221935,0.0,0.0,0.0,0.0,0.0,0.0,0.0,0.0,0.0,0.0,0.0,0.0,0.0,0.0,0.0,0.0,0.0,0.0,0.0,0.0,0.0006527415143603133,0.0,0.0,0.0006527415143603133,0.0,0.0,0.0,0.0,0.0,0.0,0.0,0.0,0.0,0.0,0.0,0.0,0.0,0.0,0.0,0.0006527415143603133,0.0,0.0,0.0,0.0006527415143603133,0.0,0.0,0.0,0.0,0.0,0.0,0.0,0.0,0.0,0.0,0.0,0.0006527415143603133,0.0,0.0,0.0,0.0,0.0,0.0006527415143603133,0.0006527415143603133,0.0013054830287206266,0.0,0.0013054830287206266,0.0,0.0006527415143603133,0.0,0.0,0.0,0.0,0.0,0.0,0.0,0.0,0.0,0.0006527415143603133,0.0013054830287206266,0.0006527415143603133,0.0,0.0013054830287206266,0.0,0.0
8,0.02704257767548907,0.017836593785960874,0.00863060989643268,0.0,0.0023014959723820483,0.0,0.0,0.0,0.0,0.0,0.0,0.0,0.0,0.0,0.0,0.0,0.0,0.0,0.0,0.0,0.0,0.0,0.0,0.0,0.0,0.0,0.005753739930955121,0.0,0.011507479861910242,0.0011507479861910242,0.01093210586881473,0.0,0.0011507479861910242,0.010356731875719217,0.010356731875719217,0.010356731875719217,0.010356731875719217,0.010356731875719217,0.010356731875719217,0.0011507479861910242,0.0,0.009781357882623706,0.009781357882623706,0.009781357882623706,0.009781357882623706,0.009781357882623706,0.009781357882623706,0.009781357882623706,0.009781357882623706,0.0005753739930955121,0.0011507479861910242,0.0017261219792865361,0.0,0.0,0.0,0.0,0.0011507479861910242,0.009205983889528193,0.009205983889528193,0.0017261219792865361,0.0,0.0,0.0,0.0,0.0005753739930955121,0.0005753739930955121,0.0005753739930955121,0.0,0.0,0.0,0.0,0.0,0.0,0.0,0.0,0.0005753739930955121,0.0011507479861910242,0.0011507479861910242,0.0,0.0,0.0,0.0,0.0,0.0,0.0,0.0,0.0,0.0023014959723820483,0.0,0.0005753739930955121,0.0,0.0017261219792865361,0.0023014959723820483,0.0,0.0,0.0,0.0,0.0,0.0,0.0,0.0,0.0,0.0,0.0028768699654775605,0.0,0.0,0.0,0.0,0.0,0.0,0.0,0.0005753739930955121,0.0,0.0,0.0,0.004602991944764097,0.0,0.0,0.0,0.0,0.0,0.0,0.0,0.0,0.0,0.0,0.0,0.0,0.0,0.0,0.0,0.0,0.0,0.0,0.0,0.0,0.0005753739930955121,0.0,0.0017261219792865361,0.0011507479861910242,0.0005753739930955121,0.0,0.0,0.0011507479861910242,0.0,0.0,0.0,0.0,0.0,0.0005753739930955121,0.0005753739930955121,0.0,0.0,0.0,0.0,0.0,0.0005753739930955121,0.0,0.0,0.0,0.0,0.0,0.0,0.0,0.0,0.0,0.0005753739930955121,0.0,0.0,0.0005753739930955121,0.0,0.0,0.0,0.0,0.0,0.0,0.0,0.0,0.0,0.0023014959723820483,0.0,0.0023014959723820483,0.0,0.0,0.0005753739930955121,0.0,0.0,0.0,0.0,0.0,0.0,0.0,0.0,0.0005753739930955121,0.0017261219792865361,0.0005753739930955121,0.0,0.0005753739930955121,0.0,0.0
9,0.014545454545454545,0.02303030303030303,0.00787878787878788,0.0,0.0,0.0,0.0,0.0,0.0,0.0,0.0,0.0,0.0,0.0012121212121212121,0.0,0.0,0.0,0.0,0.0,0.0,0.0,0.0,0.0,0.0,0.0,0.0,0.010303030303030303,0.0006060606060606061,0.0006060606060606061,0.0030303030303030303,0.0006060606060606061,0.0,0.0006060606060606061,0.0006060606060606061,0.0006060606060606061,0.0006060606060606061,0.0006060606060606061,0.0006060606060606061,0.0006060606060606061,0.0012121212121212121,0.0,0.0024242424242424242,0.0006060606060606061,0.0006060606060606061,0.0006060606060606061,0.0006060606060606061,0.0006060606060606061,0.0006060606060606061,0.0006060606060606061,0.009696969696969697,0.0012121212121212121,0.006060606060606061,0.0,0.0,0.0,0.0,0.0,0.0006060606060606061,0.0006060606060606061,0.0012121212121212121,0.0006060606060606061,0.0,0.0006060606060606061,0.0,0.0,0.0,0.0,0.0,0.0,0.0,0.0,0.0,0.0,0.0,0.0,0.0,0.0,0.0006060606060606061,0.0006060606060606061,0.0006060606060606061,0.0006060606060606061,0.0006060606060606061,0.0006060606060606061,0.0006060606060606061,0.0006060606060606061,0.0006060606060606061,0.0006060606060606061,0.0,0.0024242424242424242,0.0018181818181818182,0.0,0.006666666666666667,0.0,0.0,0.0,0.0,0.0,0.0,0.0,0.0,0.0,0.0006060606060606061,0.0006060606060606061,0.0,0.0,0.0,0.0030303030303030303,0.0,0.0,0.0,0.0,0.0024242424242424242,0.0,0.0,0.0,0.0030303030303030303,0.0,0.0,0.0,0.0,0.0,0.0,0.0,0.0,0.0,0.0,0.0,0.0,0.0,0.0,0.0,0.0,0.0,0.0,0.0,0.0,0.0,0.0,0.0,0.0,0.0,0.0,0.0,0.0,0.0,0.0,0.0,0.0,0.0,0.0,0.0,0.0,0.0018181818181818182,0.0,0.0,0.0,0.0,0.004242424242424243,0.0006060606060606061,0.0030303030303030303,0.0,0.0,0.0,0.0,0.0006060606060606061,0.0,0.0,0.0,0.0,0.0,0.0,0.006666666666666667,0.006666666666666667,0.006666666666666667,0.006666666666666667,0.006666666666666667,0.0012121212121212121,0.0,0.0,0.0,0.0006060606060606061,0.0030303030303030303,0.0,0.0018181818181818182,0.0024242424242424242,0.0,0.0,0.0,0.0,0.0,0.0,0.0,0.0,0.0012121212121212121,0.0006060606060606061,0.0012121212121212121,0.0,0.0012121212121212121,0.0,0.0
10,0.014705882352941176,0.021176470588235293,0.006470588235294118,0.0,0.0,0.0,0.0,0.001176470588235294,0.0,0.0,0.0,0.0,0.0,0.0,0.000588235294117647,0.0,0.0,0.0,0.0,0.0,0.0,0.0,0.0,0.0,0.0,0.0,0.004705882352941176,0.0,0.0,0.000588235294117647,0.001176470588235294,0.0,0.0,0.0,0.0,0.0,0.000588235294117647,0.0,0.0,0.0,0.0,0.000588235294117647,0.001176470588235294,0.0,0.0,0.0,0.0,0.0,0.0,0.000588235294117647,0.0,0.000588235294117647,0.0,0.0,0.0,0.0,0.000588235294117647,0.001176470588235294,0.0,0.0,0.000588235294117647,0.0,0.001176470588235294,0.0,0.0,0.0,0.0,0.0,0.0,0.0,0.0,0.0,0.0,0.0,0.0,0.0,0.0,0.000588235294117647,0.0,0.0,0.0,0.0,0.0,0.0,0.0,0.0,0.0,0.0,0.002352941176470588,0.008823529411764706,0.0,0.000588235294117647,0.0,0.0,0.0,0.0,0.0,0.0,0.0,0.0,0.0,0.0,0.0,0.0,0.0,0.0,0.0,0.0,0.0,0.0,0.0,0.001176470588235294,0.0,0.0,0.0,0.0035294117647058825,0.0,0.0,0.0,0.0,0.0,0.0,0.0,0.0,0.0,0.0,0.0,0.0,0.0,0.0,0.0,0.0,0.0,0.0,0.0,0.0,0.0,0.0,0.0,0.0017647058823529412,0.0,0.0,0.0,0.0,0.0,0.0,0.0,0.0,0.0,0.004705882352941176,0.0029411764705882353,0.0029411764705882353,0.0,0.0,0.0,0.0,0.007058823529411765,0.007058823529411765,0.0,0.0029411764705882353,0.0,0.0,0.0,0.0,0.0,0.0,0.0,0.0,0.0,0.000588235294117647,0.0,0.0,0.0,0.0,0.0,0.0,0.002352941176470588,0.0,0.000588235294117647,0.0,0.0,0.0029411764705882353,0.0,0.004705882352941176,0.0,0.0,0.0,0.0,0.0,0.0,0.0,0.0,0.0,0.001176470588235294,0.000588235294117647,0.001176470588235294,0.0,0.001176470588235294,0.0,0.0
11,0.03435672514619883,0.01827485380116959,0.007309941520467836,0.0,0.003654970760233918,0.0,0.0,0.0007309941520467836,0.0,0.0,0.0021929824561403508,0.0,0.0,0.0,0.0,0.0,0.0,0.0,0.0,0.0,0.0,0.0,0.0,0.0,0.0,0.0,0.013157894736842105,0.012426900584795321,0.0,0.006578947368421052,0.0,0.0007309941520467836,0.0007309941520467836,0.0007309941520467836,0.0,0.0,0.0,0.0,0.0,0.0,0.0,0.0,0.0,0.0007309941520467836,0.0,0.0007309941520467836,0.0,0.0,0.0,0.0,0.0,0.0007309941520467836,0.0,0.0,0.0,0.0,0.0,0.0,0.0,0.0014619883040935672,0.0,0.0,0.0,0.0,0.0,0.0,0.0,0.0,0.0,0.0,0.0,0.0,0.0,0.0,0.0,0.0,0.0,0.0007309941520467836,0.0,0.0,0.0,0.0,0.0,0.0,0.0,0.0,0.0,0.0,0.0,0.0007309941520467836,0.0,0.0014619883040935672,0.0,0.0007309941520467836,0.0,0.0,0.0,0.0,0.0,0.0,0.0,0.0,0.0,0.0007309941520467836,0.0,0.0,0.0,0.0,0.0,0.0,0.0,0.006578947368421052,0.0014619883040935672,0.0,0.0,0.0029239766081871343,0.0,0.0,0.0,0.0,0.0,0.0,0.0,0.0,0.0,0.0,0.0,0.0,0.0,0.0,0.0,0.0,0.0,0.0,0.0,0.0,0.0,0.0007309941520467836,0.0,0.0014619883040935672,0.0,0.0007309941520467836,0.0,0.0,0.0,0.0,0.0,0.0,0.0,0.007309941520467836,0.0007309941520467836,0.0,0.0,0.0,0.0,0.0,0.0007309941520467836,0.0021929824561403508,0.0,0.0007309941520467836,0.0,0.0,0.0,0.0,0.0,0.0,0.0014619883040935672,0.0,0.0,0.0,0.0,0.0,0.0,0.0,0.0,0.0,0.006578947368421052,0.0,0.0007309941520467836,0.0021929824561403508,0.0007309941520467836,0.0007309941520467836,0.0,0.005847953216374269,0.005847953216374269,0.005847953216374269,0.005847953216374269,0.005847953216374269,0.005847953216374269,0.005847953216374269,0.005847953216374269,0.0007309941520467836,0.0,0.0,0.0007309941520467836,0.0,0.0,0.0,0.0,0.0
12,0.028,0.011333333333333334,0.008666666666666666,0.0013333333333333333,0.0013333333333333333,0.0,0.0,0.0,0.0,0.0,0.0,0.0,0.0,0.0,0.0,0.0006666666666666666,0.0006666666666666666,0.0006666666666666666,0.0,0.0,0.0,0.0,0.0,0.0,0.0,0.0,0.012,0.0,0.0006666666666666666,0.007333333333333333,0.0006666666666666666,0.0,0.0,0.0006666666666666666,0.0013333333333333333,0.0006666666666666666,0.0006666666666666666,0.0013333333333333333,0.0006666666666666666,0.0,0.0,0.002,0.0006666666666666666,0.0006666666666666666,0.0006666666666666666,0.0006666666666666666,0.0006666666666666666,0.0006666666666666666,0.0006666666666666666,0.0013333333333333333,0.0006666666666666666,0.0026666666666666666,0.0006666666666666666,0.0,0.0,0.0,0.0006666666666666666,0.0006666666666666666,0.0006666666666666666,0.0006666666666666666,0.0,0.0,0.0,0.0,0.0,0.0013333333333333333,0.0,0.0,0.0,0.0,0.0,0.0,0.0,0.0,0.0,0.0,0.002,0.0,0.0,0.0,0.0,0.0,0.0,0.0,0.0,0.0,0.0,0.0,0.0006666666666666666,0.002,0.0,0.004,0.0,0.0,0.0,0.0,0.0,0.0,0.0,0.0,0.0,0.0,0.0,0.0013333333333333333,0.0,0.0,0.0,0.0,0.0,0.0,0.0,0.0006666666666666666,0.0,0.0,0.0006666666666666666,0.0026666666666666666,0.0,0.0,0.0,0.0,0.0,0.0,0.0,0.0,0.0,0.0,0.0,0.0,0.0,0.0,0.0,0.0,0.0,0.0,0.0,0.0,0.0,0.0006666666666666666,0.0013333333333333333,0.0013333333333333333,0.0006666666666666666,0.0,0.0,0.0,0.0,0.0,0.0,0.0,0.0,0.0,0.0,0.0,0.002,0.0,0.0,0.0,0.0006666666666666666,0.0006666666666666666,0.0,0.0013333333333333333,0.0,0.0,0.0,0.0,0.0,0.0,0.0,0.0,0.0,0.0013333333333333333,0.0,0.0,0.0,0.0,0.0,0.0,0.0013333333333333333,0.0,0.0,0.0013333333333333333,0.0,0.0013333333333333333,0.0,0.0006666666666666666,0.0006666666666666666,0.0,0.0,0.0,0.0,0.0,0.0,0.0006666666666666666,0.0,0.0,0.0,0.0,0.0,0.0006666666666666666,0.0,0.0
13,0.029556650246305417,0.02674173117522871,0.00422237860661506,0.0,0.0014074595355383533,0.0,0.0,0.0,0.0007037297677691766,0.0,0.0028149190710767065,0.014778325123152709,0.014778325123152709,0.014778325123152709,0.014778325123152709,0.014778325123152709,0.014778325123152709,0.014778325123152709,0.014778325123152709,0.014778325123152709,0.014778325123152709,0.014778325123152709,0.014778325123152709,0.014778325123152709,0.014778325123152709,0.014778325123152709,0.013370865587614356,0.0,0.0,0.007037297677691766,0.0,0.0,0.00211118930330753,0.0,0.0007037297677691766,0.0007037297677691766,0.0,0.0,0.0,0.0007037297677691766,0.0,0.0,0.0007037297677691766,0.0007037297677691766,0.0007037297677691766,0.0,0.0007037297677691766,0.0,0.0,0.0007037297677691766,0.00211118930330753,0.0,0.0,0.0007037297677691766,0.0,0.0,0.0,0.0,0.0,0.0,0.0014074595355383533,0.0028149190710767065,0.0014074595355383533,0.0,0.0007037297677691766,0.0,0.0,0.0007037297677691766,0.0,0.0,0.0,0.0,0.0,0.0,0.0,0.0,0.0,0.0,0.0,0.0,0.0,0.0,0.0,0.0,0.0,0.0,0.0,0.0007037297677691766,0.0,0.0014074595355383533,0.0,0.00211118930330753,0.0007037297677691766,0.0007037297677691766,0.0,0.0,0.0,0.0,0.0,0.0,0.0,0.0,0.0,0.0007037297677691766,0.0007037297677691766,0.0007037297677691766,0.0007037297677691766,0.0,0.0,0.0,0.0,0.0,0.0,0.0,0.0007037297677691766,0.003518648838845883,0.0,0.0,0.0,0.0,0.0,0.0,0.0,0.0,0.0,0.0,0.0,0.0,0.0,0.0,0.0,0.0,0.0,0.0,0.0,0.0,0.0,0.0,0.0,0.0,0.0,0.0,0.0,0.0,0.0,0.0,0.0,0.0,0.0,0.0014074595355383533,0.0007037297677691766,0.0007037297677691766,0.0007037297677691766,0.0007037297677691766,0.0007037297677691766,0.0007037297677691766,0.0007037297677691766,0.00211118930330753,0.0,0.0014074595355383533,0.0,0.0,0.0,0.0,0.0,0.0,0.0007037297677691766,0.0,0.0,0.0,0.0,0.0,0.0,0.0,0.0,0.0,0.0014074595355383533,0.0,0.0,0.0028149190710767065,0.0007037297677691766,0.0007037297677691766,0.0,0.0,0.0007037297677691766,0.0,0.0,0.0,0.0,0.0,0.0,0.0,0.0,0.0,0.0007037297677691766,0.0007037297677691766,0.0,0.0007037297677691766,0.0,0.0
14,0.03790849673202614,0.018300653594771243,0.00261437908496732,0.0,0.0196078431372549,0.0,0.0,0.0,0.0,0.0,0.00130718954248366,0.00130718954248366,0.00130718954248366,0.00130718954248366,0.00130718954248366,0.00130718954248366,0.00130718954248366,0.00130718954248366,0.00130718954248366,0.00130718954248366,0.00130718954248366,0.00130718954248366,0.00130718954248366,0.00130718954248366,0.00130718954248366,0.00130718954248366,0.00522875816993464,0.00261437908496732,0.0,0.006535947712418301,0.0,0.01045751633986928,0.01045751633986928,0.0,0.0,0.00130718954248366,0.0,0.0,0.0,0.0,0.0,0.00130718954248366,0.00130718954248366,0.0,0.00130718954248366,0.0,0.0,0.0,0.0,0.00392156862745098,0.0,0.0,0.0,0.0,0.0,0.0,0.00130718954248366,0.0,0.0,0.00130718954248366,0.009150326797385621,0.009150326797385621,0.009150326797385621,0.009150326797385621,0.009150326797385621,0.009150326797385621,0.009150326797385621,0.009150326797385621,0.009150326797385621,0.009150326797385621,0.009150326797385621,0.009150326797385621,0.009150326797385621,0.009150326797385621,0.009150326797385621,0.0,0.0,0.0,0.0,0.0,0.0,0.0,0.0,0.0,0.0,0.0,0.0,0.00130718954248366,0.0,0.0,0.0,0.00130718954248366,0.00130718954248366,0.00130718954248366,0.0,0.0,0.0,0.0,0.0,0.0,0.0,0.0,0.0,0.0,0.0,0.0,0.0,0.0,0.0,0.0,0.0,0.00392156862745098,0.00130718954248366,0.0,0.0,0.00261437908496732,0.00784313725490196,0.00784313725490196,0.0,0.0,0.0,0.0,0.0,0.0,0.0,0.0,0.0,0.0,0.0,0.0,0.0,0.0,0.0,0.0,0.0,0.0,0.0,0.0,0.00130718954248366,0.0,0.0,0.0,0.0,0.0,0.0,0.0,0.0,0.0,0.0,0.00130718954248366,0.0,0.0,0.00130718954248366,0.0,0.0,0.0,0.0,0.0,0.0,0.00130718954248366,0.0,0.0,0.0,0.0,0.0,0.0,0.0,0.0,0.0,0.0,0.0,0.0,0.0,0.0,0.0,0.0,0.00130718954248366,0.0,0.0,0.00261437908496732,0.0,0.00130718954248366,0.0,0.00130718954248366,0.00130718954248366,0.00130718954248366,0.00130718954248366,0.00130718954248366,0.00130718954248366,0.00130718954248366,0.00130718954248366,0.0,0.0,0.0,0.0,0.0,0.0,0.00130718954248366,0.0,0.0
15,0.023178807947019868,0.015894039735099338,0.017880794701986755,0.0006622516556291391,0.0,0.0,0.0,0.0,0.0,0.0,0.0006622516556291391,0.0006622516556291391,0.0006622516556291391,0.0006622516556291391,0.0006622516556291391,0.0013245033112582781,0.0006622516556291391,0.0006622516556291391,0.0006622516556291391,0.0006622516556291391,0.0006622516556291391,0.0006622516556291391,0.0006622516556291391,0.0006622516556291391,0.0006622516556291391,0.0006622516556291391,0.005960264900662252,0.0026490066225165563,0.0,0.006622516556291391,0.0026490066225165563,0.0,0.0006622516556291391,0.0026490066225165563,0.001986754966887417,0.001986754966887417,0.001986754966887417,0.0026490066225165563,0.001986754966887417,0.0006622516556291391,0.0,0.0026490066225165563,0.0026490066225165563,0.0033112582781456954,0.001986754966887417,0.001986754966887417,0.001986754966887417,0.0,0.001986754966887417,0.0013245033112582781,0.0006622516556291391,0.0006622516556291391,0.0006622516556291391,0.0,0.0,0.0,0.0,0.001986754966887417,0.001986754966887417,0.0006622516556291391,0.0,0.0006622516556291391,0.0006622516556291391,0.0,0.0,0.0,0.0,0.0,0.0,0.0,0.0,0.0,0.0,0.0,0.0,0.0,0.0,0.0006622516556291391,0.0,0.0,0.0,0.0,0.0,0.0,0.0,0.0,0.0,0.0026490066225165563,0.0006622516556291391,0.0006622516556291391,0.0,0.004635761589403974,0.0,0.0006622516556291391,0.0,0.0,0.0,0.0,0.0,0.0,0.0,0.0,0.0,0.0,0.0,0.0,0.0,0.0,0.0,0.0,0.001986754966887417,0.0033112582781456954,0.0006622516556291391,0.0006622516556291391,0.0,0.005298013245033113,0.0,0.0,0.0,0.0,0.0,0.0,0.0,0.0,0.0,0.0,0.0,0.0,0.0,0.0,0.0,0.0,0.0,0.0,0.0,0.0,0.0,0.0,0.0,0.0,0.0,0.0013245033112582781,0.0,0.0,0.0,0.0,0.0,0.0,0.0,0.0013245033112582781,0.0,0.0006622516556291391,0.0,0.0,0.0,0.0,0.0006622516556291391,0.0,0.0,0.0013245033112582781,0.0,0.0,0.0,0.0,0.0,0.0,0.0,0.0,0.0,0.0,0.0,0.0006622516556291391,0.0,0.0,0.0,0.0,0.0013245033112582781,0.0,0.0,0.0006622516556291391,0.0013245033112582781,0.0013245033112582781,0.0,0.0013245033112582781,0.0013245033112582781,0.0013245033112582781,0.0013245033112582781,0.0013245033112582781,0.0013245033112582781,0.0013245033112582781,0.0013245033112582781,0.0,0.0,0.0,0.0006622516556291391,0.0006622516556291391,0.0,0.0006622516556291391,0.0,0.0
16,0.046120058565153735,0.03733528550512445,0.010248901903367497,0.021961932650073207,0.010248901903367497,0.018301610541727673,0.018301610541727673,0.017569546120058566,0.017569546120058566,0.017569546120058566,0.01683748169838946,0.0,0.0,0.0,0.0,0.0021961932650073207,0.0,0.0,0.0,0.0,0.0,0.0,0.0,0.0,0.0,0.0,0.005124450951683748,0.0,0.0,0.0036603221083455345,0.0007320644216691069,0.005124450951683748,0.005856515373352855,0.0007320644216691069,0.0007320644216691069,0.0007320644216691069,0.0007320644216691069,0.0007320644216691069,0.0007320644216691069,0.0007320644216691069,0.0,0.0007320644216691069,0.0007320644216691069,0.0007320644216691069,0.0007320644216691069,0.0007320644216691069,0.0007320644216691069,0.0,0.0007320644216691069,0.0,0.0,0.0007320644216691069,0.0,0.0,0.0,0.0,0.0,0.0007320644216691069,0.0007320644216691069,0.0,0.005856515373352855,0.005124450951683748,0.005124450951683748,0.005124450951683748,0.005124450951683748,0.005124450951683748,0.005124450951683748,0.005124450951683748,0.005124450951683748,0.005124450951683748,0.005124450951683748,0.005124450951683748,0.005124450951683748,0.005124450951683748,0.005124450951683748,0.0007320644216691069,0.0,0.0007320644216691069,0.0,0.0,0.0,0.0,0.0,0.0,0.0,0.0,0.0,0.0007320644216691069,0.0021961932650073207,0.0007320644216691069,0.0,0.0014641288433382138,0.0,0.0,0.0,0.0,0.0,0.0007320644216691069,0.0,0.0,0.0,0.0,0.0,0.0007320644216691069,0.0,0.0,0.0,0.0,0.0,0.0,0.0,0.0,0.0,0.0,0.0,0.0029282576866764276,0.0,0.004392386530014641,0.0,0.0,0.0,0.0,0.0,0.0,0.0,0.0,0.0,0.0,0.0,0.0,0.0,0.0,0.0,0.0,0.0,0.0,0.0,0.0014641288433382138,0.0,0.0,0.0,0.0,0.0,0.0,0.0,0.0,0.0,0.0,0.0,0.0,0.0,0.0,0.0,0.0,0.0,0.0,0.0,0.0,0.0,0.0021961932650073207,0.0,0.0,0.0,0.0,0.0,0.0,0.0,0.0,0.0,0.0,0.0,0.0007320644216691069,0.0,0.0,0.0,0.0,0.0007320644216691069,0.0,0.0,0.0014641288433382138,0.0007320644216691069,0.0014641288433382138,0.0,0.0,0.0,0.0,0.0,0.0,0.0,0.0,0.0,0.0,0.0,0.0,0.0007320644216691069,0.0007320644216691069,0.0007320644216691069,0.0007320644216691069,0.0,0.0
17,0.030104712041884817,0.015706806282722512,0.004581151832460733,0.0006544502617801048,0.0006544502617801048,0.0006544502617801048,0.0006544502617801048,0.0006544502617801048,0.0006544502617801048,0.0006544502617801048,0.0006544502617801048,0.0006544502617801048,0.0006544502617801048,0.0006544502617801048,0.0006544502617801048,0.0006544502617801048,0.0006544502617801048,0.0006544502617801048,0.0006544502617801048,0.0006544502617801048,0.0006544502617801048,0.0006544502617801048,0.0006544502617801048,0.0006544502617801048,0.0006544502617801048,0.0006544502617801048,0.004581151832460733,0.0,0.0,0.007198952879581152,0.0,0.0006544502617801048,0.0,0.0,0.0,0.0,0.0,0.0,0.0,0.0006544502617801048,0.0,0.0,0.0,0.0006544502617801048,0.0,0.0,0.0,0.0,0.0,0.0006544502617801048,0.0006544502617801048,0.0013089005235602095,0.0006544502617801048,0.0,0.0,0.0,0.0,0.0,0.0,0.002617801047120419,0.0,0.0006544502617801048,0.0,0.0,0.0,0.0,0.0,0.0,0.0,0.0,0.0,0.0,0.0,0.0,0.0,0.0,0.003926701570680628,0.0006544502617801048,0.0,0.0,0.0,0.0,0.0,0.0,0.0,0.0,0.0,0.0,0.0,0.0,0.0,0.0032722513089005235,0.0,0.0,0.0,0.0,0.0,0.0,0.0,0.0,0.0,0.0,0.0,0.0,0.0,0.0,0.0006544502617801048,0.0,0.0,0.0,0.002617801047120419,0.0013089005235602095,0.0,0.0006544502617801048,0.0,0.003926701570680628,0.0,0.0,0.0,0.0,0.0,0.0,0.0,0.0,0.0,0.0,0.0,0.0,0.0,0.0,0.0,0.0,0.0,0.0,0.0,0.0,0.0,0.0,0.0,0.0,0.0,0.0,0.0,0.0,0.0,0.0,0.0,0.0,0.0,0.0006544502617801048,0.0,0.0006544502617801048,0.0,0.0,0.0,0.0,0.0006544502617801048,0.0,0.0006544502617801048,0.0032722513089005235,0.0,0.0,0.0,0.0,0.0,0.0,0.0,0.0,0.0,0.0,0.0,0.0,0.0006544502617801048,0.0,0.0,0.0,0.0006544502617801048,0.0006544502617801048,0.0006544502617801048,0.0013089005235602095,0.001963350785340314,0.0013089005235602095,0.0,0.0,0.0,0.0,0.0,0.0,0.0,0.0,0.0,0.0,0.0,0.0,0.0013089005235602095,0.0006544502617801048,0.0,0.001963350785340314,0.0,0.0
18,0.025048169556840076,0.0224791265253693,0.00449582530507386,0.0,0.0038535645472061657,0.0,0.0,0.0,0.0,0.0,0.009633911368015413,0.0,0.0,0.0,0.0,0.0006422607578676942,0.0,0.0,0.0,0.0,0.0,0.0,0.0,0.0,0.0,0.0,0.005780346820809248,0.0012845215157353885,0.0006422607578676942,0.005138086062941554,0.0,0.0,0.0006422607578676942,0.0006422607578676942,0.0012845215157353885,0.009633911368015413,0.0,0.0,0.0012845215157353885,0.0,0.0,0.0006422607578676942,0.009633911368015413,0.00899165061014772,0.008349389852280027,0.0,0.008349389852280027,0.0,0.0,0.0006422607578676942,0.0006422607578676942,0.002569043031470777,0.009633911368015413,0.009633911368015413,0.009633911368015413,0.009633911368015413,0.0,0.0,0.0,0.00449582530507386,0.0006422607578676942,0.0006422607578676942,0.0006422607578676942,0.0,0.0,0.0,0.0,0.0,0.0,0.0,0.0,0.0,0.0,0.0,0.0,0.0,0.0006422607578676942,0.0006422607578676942,0.0,0.0,0.0,0.0,0.0,0.0,0.0,0.0,0.0,0.00899165061014772,0.0012845215157353885,0.0019267822736030828,0.0,0.0019267822736030828,0.0012845215157353885,0.0,0.0,0.0,0.0,0.0,0.0,0.0,0.0,0.0,0.0,0.008349389852280027,0.008349389852280027,0.008349389852280027,0.008349389852280027,0.008349389852280027,0.008349389852280027,0.008349389852280027,0.0,0.0,0.0,0.0,0.0006422607578676942,0.005138086062941554,0.0,0.0,0.0,0.0,0.0,0.0,0.0,0.0,0.0,0.0,0.0,0.0,0.0,0.0,0.0,0.0,0.0,0.0,0.0,0.0,0.0,0.0,0.0032113037893384713,0.0,0.0,0.0006422607578676942,0.0,0.0,0.0,0.0,0.0,0.0,0.0,0.0012845215157353885,0.0,0.0,0.0,0.0,0.0,0.0,0.0,0.002569043031470777,0.0,0.0012845215157353885,0.0,0.0,0.0,0.0,0.0,0.0,0.0,0.0,0.0,0.0032113037893384713,0.0,0.0,0.0,0.0,0.0,0.0,0.0,0.0,0.0006422607578676942,0.0,0.0006422607578676942,0.0012845215157353885,0.0,0.0,0.0,0.0,0.0,0.0,0.0,0.0,0.0,0.0,0.0,0.0,0.0006422607578676942,0.0006422607578676942,0.0,0.0032113037893384713,0.0,0.0
19,0.012867647058823529,0.014705882352941176,0.004901960784313725,0.0,0.0012254901960784314,0.0,0.0006127450980392157,0.0,0.0,0.0,0.0,0.0006127450980392157,0.0006127450980392157,0.0006127450980392157,0.0006127450980392157,0.0006127450980392157,0.0006127450980392157,0.0006127450980392157,0.0006127450980392157,0.0006127450980392157,0.0006127450980392157,0.0006127450980392157,0.0006127450980392157,0.0006127450980392157,0.0006127450980392157,0.0006127450980392157,0.006127450980392157,0.0,0.001838235294117647,0.011029411764705883,0.001838235294117647,0.001838235294117647,0.0,0.0,0.001838235294117647,0.001838235294117647,0.0,0.0,0.0,0.0012254901960784314,0.0,0.0030637254901960784,0.0,0.0,0.0,0.0,0.0,0.0,0.0,0.0,0.0,0.0030637254901960784,0.0,0.0,0.0,0.0,0.0,0.0,0.0,0.009191176470588236,0.0,0.0,0.0012254901960784314,0.0,0.0,0.0,0.0,0.0,0.0,0.0,0.0,0.0,0.0,0.0,0.0,0.0,0.0,0.0,0.0,0.0,0.0,0.0,0.0,0.0,0.0,0.0,0.0,0.001838235294117647,0.0006127450980392157,0.001838235294117647,0.0,0.001838235294117647,0.001838235294117647,0.0,0.0,0.0,0.0,0.0006127450980392157,0.0,0.0,0.0,0.0,0.0,0.0024509803921568627,0.0,0.0,0.0,0.0,0.0,0.0,0.0,0.0006127450980392157,0.0,0.007965686274509803,0.007965686274509803,0.00428921568627451,0.0,0.0,0.0,0.0,0.0,0.0,0.0,0.0,0.0,0.0,0.0,0.0,0.0,0.0,0.0,0.0,0.0,0.0,0.0,0.0,0.0,0.0,0.007352941176470588,0.007352941176470588,0.007352941176470588,0.007352941176470588,0.007352941176470588,0.007352941176470588,0.007352941176470588,0.007352941176470588,0.007352941176470588,0.007352941176470588,0.007352941176470588,0.001838235294117647,0.0,0.0,0.0,0.0,0.0,0.0006127450980392157,0.0,0.00428921568627451,0.0,0.001838235294117647,0.0,0.0,0.0,0.0,0.0012254901960784314,0.0,0.0,0.0,0.0,0.006740196078431373,0.006740196078431373,0.0006127450980392157,0.0006127450980392157,0.0,0.0,0.0,0.0006127450980392157,0.0006127450980392157,0.0,0.001838235294117647,0.0,0.0012254901960784314,0.0,0.0,0.0006127450980392157,0.0006127450980392157,0.0,0.0,0.0,0.0,0.0,0.0,0.0,0.0,0.0006127450980392157,0.0006127450980392157,0.0,0.0012254901960784314,0.0,0.0
20,0.0388283378746594,0.01430517711171662,0.009536784741144414,0.0,0.0027247956403269754,0.0,0.0,0.0,0.0,0.0,0.0,0.0,0.0,0.0,0.0,0.0,0.0,0.0,0.0,0.0,0.0,0.0,0.0,0.0,0.0,0.0,0.007493188010899182,0.0,0.0,0.0020435967302452314,0.0006811989100817438,0.0,0.0006811989100817438,0.0,0.0,0.0,0.0,0.0,0.0006811989100817438,0.0,0.0,0.0020435967302452314,0.0,0.0006811989100817438,0.0,0.0,0.0006811989100817438,0.0,0.0,0.0,0.0,0.0020435967302452314,0.0,0.0,0.0,0.0,0.0006811989100817438,0.0,0.0,0.0013623978201634877,0.0,0.0006811989100817438,0.0,0.0,0.0,0.0,0.0,0.0006811989100817438,0.0,0.0,0.0,0.0,0.0,0.0,0.0,0.0,0.0006811989100817438,0.0013623978201634877,0.0,0.0,0.0,0.0,0.0,0.0,0.0,0.0,0.0,0.0,0.0,0.0006811989100817438,0.0,0.0034059945504087193,0.0006811989100817438,0.0,0.0,0.0,0.0,0.0,0.0,0.0,0.0,0.0,0.0,0.0006811989100817438,0.0,0.0,0.0,0.0,0.0,0.0,0.0,0.0,0.0,0.0,0.0,0.006811989100817439,0.0,0.0,0.0,0.0,0.0,0.0,0.0,0.0,0.0,0.0,0.0,0.0,0.0,0.0,0.0,0.0,0.0,0.0,0.0,0.0,0.0,0.0013623978201634877,0.0013623978201634877,0.0,0.0006811989100817438,0.0,0.0,0.0,0.0,0.0,0.0,0.0,0.0,0.0006811989100817438,0.0,0.0,0.0,0.0,0.0,0.0,0.0013623978201634877,0.0,0.0006811989100817438,0.0020435967302452314,0.0,0.0,0.0,0.0,0.0,0.0,0.0,0.0,0.0,0.0,0.0,0.0020435967302452314,0.0,0.0,0.0,0.0,0.0,0.0,0.0,0.0006811989100817438,0.0020435967302452314,0.0013623978201634877,0.0,0.0,0.0,0.0,0.0,0.0,0.0,0.0,0.0,0.0,0.0,0.0006811989100817438,0.0027247956403269754,0.0006811989100817438,0.0006811989100817438,0.0006811989100817438,0.0,0.0
21,0.022616136919315404,0.017114914425427872,0.003667481662591687,0.0,0.0018337408312958435,0.0,0.0,0.0,0.0,0.0,0.0,0.0,0.0,0.0,0.0,0.0,0.0,0.0006112469437652812,0.0,0.0,0.0,0.0,0.0,0.0,0.0,0.0,0.007334963325183374,0.0,0.0,0.006112469437652812,0.0,0.0,0.0,0.0,0.0012224938875305623,0.0006112469437652812,0.0,0.0006112469437652812,0.0,0.0018337408312958435,0.0,0.0012224938875305623,0.0006112469437652812,0.0018337408312958435,0.0,0.0,0.0006112469437652812,0.0,0.0,0.0,0.0018337408312958435,0.0018337408312958435,0.0,0.0,0.0,0.0,0.0,0.0,0.0,0.0024449877750611247,0.0,0.0006112469437652812,0.0,0.0006112469437652812,0.0006112469437652812,0.0012224938875305623,0.0,0.0,0.0,0.0,0.0,0.0,0.0,0.0,0.0,0.0006112469437652812,0.0018337408312958435,0.0012224938875305623,0.0006112469437652812,0.0006112469437652812,0.0012224938875305623,0.0006112469437652812,0.0006112469437652812,0.0006112469437652812,0.0006112469437652812,0.0006112469437652812,0.0006112469437652812,0.0,0.0,0.004889975550122249,0.0,0.007946210268948655,0.0012224938875305623,0.0,0.0,0.0,0.0,0.0,0.0,0.0,0.0,0.0006112469437652812,0.0006112469437652812,0.0006112469437652812,0.0,0.0012224938875305623,0.0012224938875305623,0.0,0.0,0.0,0.0,0.0018337408312958435,0.0,0.0006112469437652812,0.0012224938875305623,0.003056234718826406,0.0,0.0,0.0,0.0,0.0,0.0,0.0,0.0,0.0,0.0,0.0,0.0,0.0,0.0,0.0,0.0,0.0,0.0,0.0,0.0,0.0,0.0,0.0006112469437652812,0.0024449877750611247,0.0006112469437652812,0.0006112469437652812,0.0,0.0,0.0,0.0,0.0,0.0,0.0,0.0,0.0006112469437652812,0.0,0.0,0.0,0.0,0.0,0.0,0.0018337408312958435,0.0,0.0012224938875305623,0.0,0.0,0.0,0.0,0.0,0.0,0.0,0.0,0.0,0.0012224938875305623,0.0,0.005501222493887531,0.0,0.0,0.0,0.0,0.0006112469437652812,0.0,0.0006112469437652812,0.0,0.0012224938875305623,0.0012224938875305623,0.0,0.003667481662591687,0.0,0.0,0.0,0.0,0.0,0.0,0.0,0.0006112469437652812,0.0,0.0006112469437652812,0.0012224938875305623,0.0006112469437652812,0.0,0.0006112469437652812,0.0,0.0
22,0.026440677966101694,0.017627118644067796,0.007457627118644068,0.0,0.002711864406779661,0.0,0.0,0.0,0.0,0.0,0.0,0.0,0.0006779661016949153,0.0,0.0,0.0,0.0,0.0013559322033898306,0.0,0.0,0.0,0.0,0.0,0.0,0.0006779661016949153,0.0,0.012203389830508475,0.0006779661016949153,0.0006779661016949153,0.006779661016949152,0.0,0.0006779661016949153,0.0006779661016949153,0.0006779661016949153,0.0,0.002033898305084746,0.0,0.0,0.0,0.0,0.0,0.0013559322033898306,0.0006779661016949153,0.0,0.0,0.0006779661016949153,0.0,0.0,0.0,0.0006779661016949153,0.0013559322033898306,0.0006779661016949153,0.0006779661016949153,0.0,0.0,0.0,0.0,0.0,0.0,0.002711864406779661,0.0,0.0,0.0,0.0,0.0,0.0,0.0,0.0013559322033898306,0.0006779661016949153,0.0,0.0,0.0,0.0,0.0,0.0,0.0,0.002033898305084746,0.002033898305084746,0.0,0.0,0.0,0.0,0.0,0.0,0.0,0.0,0.0,0.0,0.0,0.0013559322033898306,0.0,0.0013559322033898306,0.0006779661016949153,0.0,0.0,0.0,0.0,0.0,0.0,0.0,0.0,0.0,0.0,0.0013559322033898306,0.0,0.0,0.0,0.0,0.0,0.0,0.008135593220338983,0.0013559322033898306,0.0,0.0006779661016949153,0.0,0.003389830508474576,0.0,0.0,0.0,0.0,0.0,0.0,0.0,0.0,0.0,0.0,0.0,0.0,0.0,0.0,0.0,0.0,0.0,0.0,0.0,0.0,0.0006779661016949153,0.0,0.0006779661016949153,0.0,0.0,0.0,0.0,0.0,0.0,0.0,0.0,0.0,0.0,0.0,0.0,0.0013559322033898306,0.0,0.0,0.0006779661016949153,0.0,0.0,0.0013559322033898306,0.0,0.002711864406779661,0.0,0.0,0.0,0.0,0.0,0.0,0.0,0.0,0.0,0.0006779661016949153,0.0,0.0006779661016949153,0.0,0.0,0.0,0.0,0.0,0.0,0.0,0.0013559322033898306,0.0006779661016949153,0.002711864406779661,0.0,0.0006779661016949153,0.0013559322033898306,0.0,0.0,0.0,0.0,0.0013559322033898306,0.0,0.0006779661016949153,0.0,0.002033898305084746,0.0013559322033898306,0.002033898305084746,0.0013559322033898306,0.002711864406779661,0.0013559322033898306,0.002033898305084746
23,0.017225747960108794,0.017225747960108794,0.012088244182532487,0.0,0.0015110305228165609,0.0,0.0,0.0,0.0,0.0,0.0,0.0,0.0009066183136899365,0.0,0.0,0.0,0.0,0.0,0.0,0.0,0.0,0.0,0.0,0.0,0.0,0.0,0.007252946509519492,0.0,0.0,0.0060441220912662436,0.0,0.0006044122091266244,0.0,0.0012088244182532487,0.0,0.0012088244182532487,0.0,0.0,0.0,0.0006044122091266244,0.0,0.0009066183136899365,0.0,0.0006044122091266244,0.0,0.0,0.0,0.0,0.0,0.0003022061045633122,0.0,0.0009066183136899365,0.0,0.0,0.0,0.0,0.0,0.0,0.0,0.003324267150196434,0.0,0.0012088244182532487,0.0,0.0,0.0,0.0,0.0,0.0,0.0,0.0,0.0,0.0,0.0,0.0,0.0,0.0,0.0,0.0,0.0,0.0,0.0,0.0,0.0,0.0,0.0,0.0,0.0,0.0,0.005137503777576307,0.0006044122091266244,0.0,0.0003022061045633122,0.0006044122091266244,0.0,0.0,0.0,0.0,0.0,0.0,0.0,0.0,0.0,0.0,0.0,0.0,0.0,0.0,0.0009066183136899365,0.0,0.0,0.0,0.0009066183136899365,0.0,0.0,0.0012088244182532487,0.003324267150196434,0.0,0.0,0.0,0.0,0.0,0.0,0.0,0.0,0.0,0.0,0.0,0.0,0.0,0.0,0.0,0.0,0.0,0.0,0.0,0.0,0.0,0.0,0.0015110305228165609,0.0,0.0,0.0,0.0,0.0,0.0,0.0,0.0,0.0,0.0,0.0003022061045633122,0.0012088244182532487,0.0021154427319431852,0.0,0.0,0.0,0.0,0.0009066183136899365,0.0,0.0,0.004835297673012995,0.0,0.0,0.0,0.0,0.0,0.0,0.0,0.0,0.0,0.0,0.0,0.0,0.0,0.0,0.0,0.0,0.0003022061045633122,0.0,0.0,0.0006044122091266244,0.003626473254759746,0.004533091568449683,0.0,0.0,0.0,0.0,0.0,0.0,0.0,0.0,0.0,0.0006044122091266244,0.0,0.0030220610456331218,0.0012088244182532487,0.0030220610456331218,0.0024176488365064974,0.003324267150196434,0.0021154427319431852,0.0024176488365064974
24,0.01765030336458908,0.019856591285162713,0.0027578599007170436,0.0,0.0005515719801434088,0.0,0.0,0.0,0.0,0.0,0.0,0.0,0.0,0.0,0.003309431880860452,0.0,0.0,0.0005515719801434088,0.0,0.0,0.0,0.0,0.0,0.0,0.0,0.0,0.004964147821290678,0.0,0.0,0.006067291781577496,0.0005515719801434088,0.0,0.0,0.0005515719801434088,0.0,0.0011031439602868175,0.0,0.0,0.0005515719801434088,0.0005515719801434088,0.0,0.0,0.0,0.0,0.0,0.0011031439602868175,0.0,0.0,0.0,0.0005515719801434088,0.0011031439602868175,0.005515719801434087,0.0011031439602868175,0.0,0.0,0.0,0.0,0.0,0.0005515719801434088,0.0,0.003861003861003861,0.0,0.0,0.0005515719801434088,0.0005515719801434088,0.0,0.0,0.0,0.0,0.0,0.0005515719801434088,0.0,0.0,0.0,0.0,0.0,0.0,0.0,0.0,0.0,0.0,0.0,0.0,0.0,0.0,0.0,0.0,0.0,0.00882515168229454,0.0,0.0005515719801434088,0.0011031439602868175,0.0,0.0,0.0,0.0,0.0005515719801434088,0.0,0.0,0.0,0.0,0.0,0.0,0.0,0.0,0.0,0.0,0.0,0.0,0.0,0.0,0.002206287920573635,0.0,0.0,0.0,0.003309431880860452,0.0,0.0,0.0,0.0,0.0,0.0,0.0,0.0,0.0,0.0,0.0,0.0,0.0,0.0,0.0,0.0,0.0,0.0,0.0,0.0,0.0,0.0,0.0005515719801434088,0.0005515719801434088,0.0005515719801434088,0.0,0.0,0.0,0.0,0.0,0.0,0.0,0.0,0.0,0.0,0.0,0.0,0.0,0.0,0.0005515719801434088,0.0,0.0011031439602868175,0.0,0.004964147821290678,0.0,0.0,0.0,0.0,0.0011031439602868175,0.0,0.0,0.0,0.0,0.0,0.0,0.0005515719801434088,0.0,0.0,0.0,0.0,0.0,0.0,0.0,0.0,0.0005515719801434088,0.004964147821290678,0.0,0.0,0.0,0.0,0.0,0.0,0.0,0.0,0.0,0.0,0.0,0.003309431880860452,0.001654715940430226,0.003309431880860452,0.001654715940430226,0.003309431880860452,0.001654715940430226,0.001654715940430226
25,0.020551967116852612,0.014679976512037582,0.009395184967704051,0.0,0.002935995302407516,0.0,0.0,0.0,0.0011743981209630064,0.0,0.0011743981209630064,0.0,0.0,0.0,0.0,0.0005871990604815032,0.0005871990604815032,0.0,0.0,0.0,0.0,0.0,0.0,0.0,0.0,0.0,0.011156782149148562,0.0,0.0,0.004110393423370522,0.0,0.0,0.0,0.0,0.0005871990604815032,0.0,0.0,0.0,0.0,0.0011743981209630064,0.0,0.002348796241926013,0.0,0.0,0.0,0.0005871990604815032,0.0,0.0,0.0,0.0005871990604815032,0.0035231943628890195,0.0005871990604815032,0.0,0.0,0.0,0.0,0.005284791544333529,0.0,0.0,0.0005871990604815032,0.0,0.0,0.0,0.0,0.0,0.0,0.0,0.0,0.0,0.0,0.0,0.0,0.0,0.0,0.0,0.0005871990604815032,0.0,0.005871990604815032,0.0,0.0,0.0,0.0,0.0,0.0,0.0,0.0,0.0,0.0,0.0,0.0,0.0011743981209630064,0.0064591896652965355,0.0,0.0,0.0,0.0,0.0,0.0,0.0,0.0,0.0,0.0,0.0,0.0005871990604815032,0.0,0.0,0.0,0.0,0.0,0.0,0.0,0.0005871990604815032,0.0,0.0011743981209630064,0.0011743981209630064,0.0035231943628890195,0.0,0.0,0.0011743981209630064,0.0,0.0,0.0,0.0,0.0,0.0,0.0,0.0,0.0,0.0,0.0,0.0,0.0,0.0,0.0,0.0,0.0,0.0005871990604815032,0.0,0.0,0.0,0.0,0.0,0.0,0.0,0.0,0.0,0.0,0.0011743981209630064,0.0,0.0,0.0,0.0,0.0,0.0,0.0,0.0,0.0,0.0,0.0,0.0011743981209630064,0.0,0.0,0.0,0.0,0.0,0.0,0.0,0.0,0.0,0.0,0.0,0.0,0.0,0.0,0.0,0.0,0.0,0.0,0.0064591896652965355,0.0011743981209630064,0.0005871990604815032,0.0005871990604815032,0.0,0.0,0.0,0.0,0.0,0.0,0.0,0.0,0.0,0.0,0.0,0.0005871990604815032,0.0005871990604815032,0.0005871990604815032,0.0005871990604815032,0.0011743981209630064,0.0005871990604815032,0.0005871990604815032
26,0.02573932092004381,0.01588170865279299,0.008762322015334063,0.0,0.002190580503833516,0.0,0.000547645125958379,0.0,0.0,0.0,0.0,0.0,0.0,0.0,0.0,0.0,0.0,0.0,0.0,0.0,0.0,0.0,0.0,0.0,0.0,0.0,0.006024096385542169,0.0,0.0,0.0038335158817086527,0.0,0.0,0.0,0.001095290251916758,0.0,0.0,0.0,0.0,0.0,0.002738225629791895,0.0,0.001095290251916758,0.000547645125958379,0.0,0.0,0.0,0.0,0.0,0.0,0.000547645125958379,0.002738225629791895,0.001095290251916758,0.0,0.0,0.0,0.0,0.001095290251916758,0.0,0.0,0.0038335158817086527,0.000547645125958379,0.0,0.0,0.0,0.0,0.0,0.0016429353778751369,0.0,0.0,0.0,0.0,0.0,0.0,0.0,0.0,0.0,0.0,0.0016429353778751369,0.0,0.0,0.0,0.0,0.0,0.0,0.0,0.0,0.0,0.000547645125958379,0.0,0.0,0.0,0.0032858707557502738,0.000547645125958379,0.001095290251916758,0.0,0.0,0.0,0.0,0.0,0.0,0.0,0.0,0.0,0.000547645125958379,0.0,0.0,0.0,0.0,0.0,0.0,0.0,0.0,0.0,0.0,0.000547645125958379,0.002738225629791895,0.0,0.0,0.0,0.0,0.0,0.0,0.0,0.0,0.0,0.0,0.0,0.0,0.0,0.0,0.0,0.0,0.0,0.0,0.0,0.0,0.0,0.0,0.000547645125958379,0.000547645125958379,0.0,0.0,0.0,0.000547645125958379,0.0,0.0,0.0,0.0,0.0,0.0,0.0016429353778751369,0.0,0.0,0.0,0.0,0.000547645125958379,0.0,0.0,0.0,0.002190580503833516,0.0016429353778751369,0.0,0.0,0.0,0.0,0.0,0.0,0.0,0.0,0.000547645125958379,0.0,0.0,0.0,0.0,0.0,0.0,0.0,0.0,0.000547645125958379,0.0016429353778751369,0.0,0.002738225629791895,0.0,0.0,0.0,0.0,0.0,0.0,0.0,0.0,0.0,0.0,0.0,0.0016429353778751369,0.0016429353778751369,0.0016429353778751369,0.0016429353778751369,0.0016429353778751369,0.001095290251916758,0.001095290251916758
27,0.020798201236649803,0.017987633501967398,0.005621135469364812,0.0,0.0005621135469364812,0.0,0.0,0.0,0.0005621135469364812,0.0,0.006183249016301293,0.0,0.0,0.0,0.0,0.0,0.0,0.0,0.0,0.0,0.0,0.0,0.0,0.0,0.0,0.0,0.008431703204047217,0.0,0.0,0.00505902192242833,0.0,0.0,0.0,0.0,0.0,0.0,0.0,0.0,0.0,0.0011242270938729624,0.0,0.0005621135469364812,0.0,0.0,0.0,0.0,0.0,0.0,0.0,0.0022484541877459247,0.002810567734682406,0.0039347948285553686,0.0,0.0,0.0,0.0,0.0011242270938729624,0.0,0.0,0.002810567734682406,0.0,0.0005621135469364812,0.0,0.0,0.0,0.0,0.0,0.0,0.0,0.0,0.0,0.0,0.0,0.0,0.0,0.0,0.0005621135469364812,0.0,0.0,0.0,0.0,0.0,0.0,0.0,0.0,0.0,0.0,0.0,0.0005621135469364812,0.0,0.0,0.003372681281618887,0.0,0.0,0.0,0.0,0.0,0.0,0.0,0.0,0.0,0.0,0.0,0.0,0.0,0.0,0.0,0.0,0.0,0.0,0.0,0.0016863406408094434,0.0,0.0,0.0011242270938729624,0.007307476110174255,0.0,0.0,0.0,0.0,0.0,0.0,0.0,0.0,0.0,0.0,0.0,0.0,0.0,0.0,0.0,0.0,0.0005621135469364812,0.0,0.0,0.0,0.0,0.0,0.0011242270938729624,0.0005621135469364812,0.0,0.0,0.0,0.0,0.0,0.0,0.0,0.0,0.0,0.0,0.0,0.0011242270938729624,0.0,0.0,0.0,0.0,0.0,0.0,0.0,0.00505902192242833,0.0,0.0,0.0,0.0,0.0,0.0,0.0,0.0,0.0,0.0,0.0,0.0,0.0011242270938729624,0.0,0.0,0.0,0.0,0.0,0.0,0.0011242270938729624,0.0,0.004496908375491849,0.0,0.0,0.0,0.0,0.0,0.0,0.0,0.0,0.0,0.0,0.0,0.003372681281618887,0.0039347948285553686,0.002810567734682406,0.0022484541877459247,0.004496908375491849,0.002810567734682406,0.0039347948285553686
28,0.019839142091152815,0.013404825737265416,0.011260053619302948,0.0,0.0005361930294906167,0.0,0.0,0.0,0.0,0.0,0.0005361930294906167,0.0,0.0,0.0,0.0,0.0005361930294906167,0.0,0.0,0.0,0.0,0.0,0.0,0.0,0.0,0.0,0.0,0.008579088471849867,0.0,0.0,0.004289544235924933,0.0005361930294906167,0.0,0.0,0.0005361930294906167,0.0005361930294906167,0.0016085790884718498,0.0,0.0,0.0,0.0,0.0,0.0005361930294906167,0.0,0.0010723860589812334,0.0005361930294906167,0.0,0.0,0.0,0.0,0.0010723860589812334,0.0005361930294906167,0.0005361930294906167,0.0,0.0,0.0,0.0,0.0,0.0,0.0,0.002680965147453083,0.0,0.0005361930294906167,0.0,0.0,0.0,0.0,0.0005361930294906167,0.0,0.0,0.0,0.0,0.0,0.0,0.0,0.0,0.0,0.0005361930294906167,0.0005361930294906167,0.0,0.0,0.0,0.0,0.0,0.0,0.0,0.0,0.0,0.0,0.0,0.0,0.0,0.0010723860589812334,0.0016085790884718498,0.0,0.0,0.0,0.0,0.0005361930294906167,0.0,0.0,0.0,0.0,0.0,0.0,0.0,0.0,0.0,0.0,0.0,0.0,0.002680965147453083,0.00804289544235925,0.0,0.0005361930294906167,0.0,0.005361930294906166,0.0,0.0,0.0,0.0,0.0,0.0,0.0,0.0,0.0,0.0,0.0,0.0,0.0,0.0,0.0,0.0,0.0,0.0,0.0,0.0,0.0,0.0,0.0010723860589812334,0.0010723860589812334,0.0010723860589812334,0.0,0.0,0.0005361930294906167,0.0,0.0,0.0,0.0,0.0,0.0,0.0,0.0,0.0,0.0,0.0,0.0010723860589812334,0.0,0.0,0.0,0.004289544235924933,0.0,0.0,0.0,0.0,0.0,0.0,0.0005361930294906167,0.0,0.0,0.0,0.0,0.0,0.0,0.0,0.0,0.0,0.0,0.0,0.0,0.0005361930294906167,0.0016085790884718498,0.0032171581769436996,0.0,0.0,0.0,0.0,0.0,0.0,0.0,0.0,0.0,0.0,0.0,0.0032171581769436996,0.0032171581769436996,0.002680965147453083,0.0021447721179624667,0.0032171581769436996,0.0016085790884718498,0.0016085790884718498
29,0.01687289088863892,0.01124859392575928,0.017435320584926885,0.0,0.0,0.0,0.0,0.0,0.0,0.0,0.0,0.0,0.0005624296962879641,0.0,0.0,0.0005624296962879641,0.0,0.0,0.0,0.0,0.0,0.0,0.0,0.0,0.0,0.0,0.007311586051743532,0.0,0.0,0.0005624296962879641,0.0,0.0,0.0,0.0,0.0005624296962879641,0.0,0.0,0.0,0.0,0.0005624296962879641,0.0,0.00281214848143982,0.0,0.0,0.0005624296962879641,0.0,0.0,0.0,0.0,0.0011248593925759281,0.0011248593925759281,0.001687289088863892,0.0,0.0,0.0,0.0,0.0005624296962879641,0.0,0.0,0.0011248593925759281,0.0,0.0,0.0,0.0,0.0,0.0005624296962879641,0.0,0.0,0.0,0.0,0.0,0.0,0.0,0.0,0.0,0.0,0.008998875140607425,0.0,0.0,0.0,0.0,0.0,0.0,0.0,0.0,0.0,0.0,0.0,0.0011248593925759281,0.0,0.0,0.001687289088863892,0.0,0.0,0.0,0.0,0.0,0.0,0.0,0.0,0.0,0.0,0.0,0.0011248593925759281,0.0,0.0,0.0,0.0,0.0,0.0,0.0,0.0011248593925759281,0.0,0.0005624296962879641,0.0005624296962879641,0.007874015748031496,0.0,0.0,0.0,0.0,0.0,0.0,0.0,0.0,0.0,0.0,0.0,0.0,0.0,0.0,0.0,0.0,0.0,0.0,0.0,0.0,0.0,0.0,0.001687289088863892,0.0011248593925759281,0.0,0.0005624296962879641,0.0,0.0005624296962879641,0.0,0.0,0.0,0.0005624296962879641,0.0,0.0,0.0,0.0,0.0,0.0,0.0,0.0,0.0,0.0,0.0,0.006749156355455568,0.0,0.0,0.0,0.0,0.0,0.0,0.0,0.0,0.0,0.0005624296962879641,0.0,0.0005624296962879641,0.0,0.0,0.0,0.0,0.0,0.0,0.0,0.0005624296962879641,0.006186726659167604,0.006186726659167604,0.0,0.0,0.0,0.0,0.0,0.0,0.0,0.0,0.0,0.0,0.0,0.00562429696287964,0.00562429696287964,0.00562429696287964,0.00562429696287964,0.00562429696287964,0.00562429696287964,0.00562429696287964
