,,RT,$TSLA,@OSAISENMAN:,$tsla,S&amp;P,bitcoin,$btc,Great!,Sachs,Goldman,I,Tesla,500,3,price,A,TSLA,$780,gap,sports,de,industry,target,year.,$DKNG,Expect,nice,biggest,heading,catalyst,betting,weekends,"Buy,",@cambridgealgo:,market,Berkshire,$NIO,su,Trade,Idea,The,thanks!,join,upgraded,@WallStreetYoda:,en,los,stock,@EliteOptions2:,$LI,@chesterinvest:,higher,Tesla's,$AMZN,Apple,replacing,@garyblack00,$XPEV,Do,@,better,did,term,Oldman,Improved,$ZM,Nov,20,Model,cap,@charliebilello:,$28,Hathaway.Sales,(TTM)...Tesla:,billionBerkshire:,$279,added,Announces,months,Month,Giveaway,($447,Value!),giving,away,service!To,Follow,Investment,short,la,#NASDAQ,&amp;,If,move,sell.,Who,time,bigger,@Mashinsky:,7272%,$2.50We,disrupting,cars.Ours,good,It,Price,PT,upped,October,mid,Sacks,raised,$450.Now,$780.Expect,Upgrades,#Tesla,@elonmusk,$nio,share,$AAPL,bid/ask:,new,shares,replace,$SPY,Jim,y,@vincent13031925:,Biggest,mistakes,century:80s:,PC,maker,Amazon,online,-&gt;,Elon,Just,$5B,(Nov,$MSFT,$GM,"$TSLA,","$NIO,","$SNAP,","$AAL,","$CLSK,","$BLNK,","$PLUG,",$FLUX,"$TRNE,","$SBE,","$PIC,","$KCAC,","$VLDR,","$PINS,","$AAPL,","$TTCF,",@stevenmarkryan:,sales,neutral,outlook,margin,@squawksquare,@stevenmarkryan,$tslaq,#tsla,#nio,$nioq,#nioq,#niogang,#tslaq,@tesla,@nioglobal,Musk,told,Management,traders,EV,think,@DCDOWORK:,In,Implementation,Addition,@Tesla,finally,Congrats,500!,say,ratio=,Mill.,For,hours,company,inclusion,buy,10,Top,100
0,0.006060606060606061,0.016363636363636365,0.022424242424242423,0.0,0.0024242424242424242,0.0,0.0,0.0,0.0,0.0,0.0,0.006666666666666667,0.0030303030303030303,0.0,0.0,0.0006060606060606061,0.0,0.0036363636363636364,0.0,0.0012121212121212121,0.0,0.0,0.0,0.0,0.0,0.0,0.0,0.0,0.0,0.0,0.0,0.0,0.0,0.0,0.0,0.0018181818181818182,0.0,0.006666666666666667,0.0,0.0006060606060606061,0.0,0.0018181818181818182,0.0,0.0,0.0,0.0,0.0006060606060606061,0.0,0.0012121212121212121,0.0,0.0,0.0,0.0,0.0,0.0012121212121212121,0.0,0.0,0.0,0.0,0.0,0.0012121212121212121,0.0012121212121212121,0.0,0.0,0.0,0.0,0.0012121212121212121,0.0,0.0,0.0018181818181818182,0.0006060606060606061,0.0,0.0,0.0,0.0,0.0,0.0,0.0,0.0,0.0012121212121212121,0.0,0.0,0.0,0.0,0.0,0.0,0.0,0.0,0.0,0.0,0.0,0.0,0.0018181818181818182,0.004242424242424243,0.0012121212121212121,0.0,0.0006060606060606061,0.0018181818181818182,0.0012121212121212121,0.0,0.0,0.0,0.0,0.0,0.0006060606060606061,0.0,0.0,0.0,0.0,0.0,0.0,0.0,0.0,0.0,0.0,0.0,0.0024242424242424242,0.0012121212121212121,0.0018181818181818182,0.0,0.0024242424242424242,0.0,0.0,0.0,0.0,0.0030303030303030303,0.0,0.0,0.0024242424242424242,0.0012121212121212121,0.0,0.0,0.0,0.0,0.0,0.0,0.0012121212121212121,0.0024242424242424242,0.0018181818181818182,0.0,0.0006060606060606061,0.0,0.0006060606060606061,0.0006060606060606061,0.0012121212121212121,0.0,0.0,0.0,0.0,0.0,0.0,0.0,0.0,0.0,0.0,0.0,0.0,0.0,0.0,0.0018181818181818182,0.0,0.0,0.0,0.0,0.0,0.0006060606060606061,0.0,0.0,0.0,0.0,0.0,0.0,0.0,0.0,0.0,0.0,0.0,0.0,0.0,0.0012121212121212121,0.0018181818181818182,0.0,0.0012121212121212121,0.0,0.0,0.0,0.0,0.0,0.0,0.0,0.0,0.0,0.0006060606060606061,0.0,0.0,0.0,0.0018181818181818182,0.0006060606060606061,0.0,0.0
1,0.0018427518427518428,0.022727272727272728,0.023955773955773956,0.0,0.003071253071253071,0.0,0.0,0.0,0.0,0.0,0.0,0.004914004914004914,0.003071253071253071,0.0006142506142506142,0.011056511056511056,0.0,0.0,0.0018427518427518428,0.0,0.0,0.0,0.0,0.0,0.0,0.0006142506142506142,0.0006142506142506142,0.0,0.0,0.0,0.0,0.0,0.0,0.0,0.0,0.0,0.0,0.0,0.004914004914004914,0.0,0.0,0.0,0.0042997542997543,0.0,0.0,0.0,0.0,0.0,0.0,0.0012285012285012285,0.004914004914004914,0.0,0.0006142506142506142,0.0,0.0,0.0,0.0,0.0,0.0,0.0006142506142506142,0.0006142506142506142,0.0,0.0006142506142506142,0.0006142506142506142,0.0006142506142506142,0.0,0.0,0.0006142506142506142,0.0,0.0,0.0,0.0,0.0,0.0,0.0,0.0,0.0,0.0,0.0018427518427518428,0.0,0.004914004914004914,0.004914004914004914,0.004914004914004914,0.004914004914004914,0.004914004914004914,0.004914004914004914,0.004914004914004914,0.004914004914004914,0.004914004914004914,0.0,0.0012285012285012285,0.0,0.0006142506142506142,0.0,0.0012285012285012285,0.0,0.0,0.0,0.0006142506142506142,0.0,0.0,0.0,0.0,0.0,0.0,0.0,0.0012285012285012285,0.0,0.0,0.0,0.0,0.0,0.0,0.0,0.0,0.0,0.0,0.003071253071253071,0.0012285012285012285,0.0012285012285012285,0.0,0.0,0.0,0.0012285012285012285,0.002457002457002457,0.0,0.002457002457002457,0.0,0.0,0.0006142506142506142,0.0,0.0,0.0,0.0,0.0,0.0,0.0,0.0006142506142506142,0.003071253071253071,0.0,0.0,0.0006142506142506142,0.0,0.0006142506142506142,0.0006142506142506142,0.0,0.0,0.0,0.0,0.0,0.0,0.0,0.0,0.0,0.0,0.0,0.0,0.0,0.0,0.0,0.0,0.0006142506142506142,0.0,0.0,0.0,0.0,0.0,0.0006142506142506142,0.0012285012285012285,0.0006142506142506142,0.0006142506142506142,0.0,0.0,0.0,0.0,0.0,0.0012285012285012285,0.0,0.0,0.0,0.0018427518427518428,0.0,0.0,0.0,0.0,0.0,0.0,0.0,0.0,0.0,0.0,0.0,0.0,0.0,0.0,0.0,0.0,0.0012285012285012285,0.0012285012285012285,0.0012285012285012285,0.0006142506142506142
2,0.016724336793540944,0.020761245674740483,0.016724336793540944,0.0,0.007497116493656286,0.0,0.0,0.0,0.0,0.0,0.0,0.007497116493656286,0.005190311418685121,0.0,0.002306805074971165,0.0,0.0011534025374855825,0.004036908881199538,0.0,0.0,0.0,0.0,0.0,0.0,0.0,0.0011534025374855825,0.0005767012687427913,0.0,0.0,0.0,0.0,0.0,0.0,0.0,0.0,0.0005767012687427913,0.0,0.00461361014994233,0.0,0.0,0.0,0.0017301038062283738,0.0,0.0,0.0,0.0,0.0005767012687427913,0.0011534025374855825,0.0011534025374855825,0.0005767012687427913,0.0017301038062283738,0.0017301038062283738,0.0,0.0,0.0005767012687427913,0.0,0.0,0.0,0.002306805074971165,0.0,0.0,0.0,0.0,0.0,0.0,0.0,0.0005767012687427913,0.0005767012687427913,0.0,0.0005767012687427913,0.0,0.0,0.0,0.0,0.0,0.0,0.0,0.0,0.0,0.0011534025374855825,0.0005767012687427913,0.0005767012687427913,0.0005767012687427913,0.0005767012687427913,0.0005767012687427913,0.0005767012687427913,0.0005767012687427913,0.0011534025374855825,0.0,0.0,0.0,0.0,0.0011534025374855825,0.0005767012687427913,0.0,0.0,0.0,0.0005767012687427913,0.0,0.0,0.0,0.0,0.0,0.0,0.0,0.0005767012687427913,0.0005767012687427913,0.0,0.0,0.0,0.0,0.0,0.0,0.0,0.0,0.0,0.0017301038062283738,0.002306805074971165,0.004036908881199538,0.0,0.0017301038062283738,0.0,0.0017301038062283738,0.0005767012687427913,0.0,0.0005767012687427913,0.0,0.0,0.0005767012687427913,0.0,0.0,0.0,0.0,0.0,0.0,0.0,0.0,0.0017301038062283738,0.0,0.0,0.0,0.0,0.0,0.0,0.0005767012687427913,0.0,0.0,0.0,0.0,0.0,0.0,0.0,0.0,0.0,0.0,0.0,0.0,0.0,0.0,0.0005767012687427913,0.0011534025374855825,0.0,0.0,0.0,0.0,0.0,0.0028835063437139563,0.002306805074971165,0.002306805074971165,0.002306805074971165,0.002306805074971165,0.002306805074971165,0.002306805074971165,0.002306805074971165,0.0017301038062283738,0.0011534025374855825,0.0005767012687427913,0.0,0.0,0.0005767012687427913,0.0005767012687427913,0.0005767012687427913,0.0005767012687427913,0.0,0.0,0.0005767012687427913,0.0,0.0,0.0,0.0,0.0,0.0,0.0005767012687427913,0.0,0.0011534025374855825,0.0,0.0011534025374855825,0.0011534025374855825,0.0,0.0
3,0.004269854824935952,0.05550811272416738,0.013663535439795047,0.029888983774551667,0.007685738684884714,0.0,0.0,0.0,0.0,0.0,0.0,0.005123825789923143,0.0017079419299743809,0.0,0.0017079419299743809,0.0008539709649871904,0.0017079419299743809,0.0008539709649871904,0.0,0.0,0.0,0.0017079419299743809,0.0,0.0,0.0,0.0,0.0,0.0,0.0,0.0,0.0,0.0,0.0,0.0,0.0,0.0,0.0,0.0034158838599487617,0.0,0.006831767719897523,0.006831767719897523,0.0034158838599487617,0.0,0.0,0.0,0.0,0.0017079419299743809,0.0,0.0008539709649871904,0.005977796754910333,0.0,0.0,0.0017079419299743809,0.0,0.0,0.0,0.0,0.0,0.0,0.0008539709649871904,0.0,0.0008539709649871904,0.0,0.0,0.0,0.0,0.0008539709649871904,0.005123825789923143,0.005123825789923143,0.0,0.0,0.0,0.0,0.0,0.0,0.0,0.0,0.0,0.0,0.0008539709649871904,0.0008539709649871904,0.0008539709649871904,0.0008539709649871904,0.0008539709649871904,0.0008539709649871904,0.0025619128949615714,0.0008539709649871904,0.0025619128949615714,0.0,0.0,0.0,0.0,0.0008539709649871904,0.0,0.0017079419299743809,0.0,0.0,0.0,0.0,0.0,0.0,0.0,0.0,0.0,0.0,0.0,0.0,0.0008539709649871904,0.0,0.0,0.0,0.0,0.0,0.0,0.0,0.0,0.0,0.0008539709649871904,0.0025619128949615714,0.0,0.0017079419299743809,0.0034158838599487617,0.0,0.0,0.0,0.0,0.0,0.0,0.0017079419299743809,0.0,0.0,0.0,0.0,0.0,0.0,0.0,0.0,0.0017079419299743809,0.0,0.0,0.0,0.0,0.0,0.0008539709649871904,0.0,0.0,0.0,0.0,0.0,0.0,0.0,0.0,0.0,0.0,0.0,0.0,0.0,0.0,0.0,0.0,0.0,0.0,0.0,0.0,0.0,0.0,0.0008539709649871904,0.0008539709649871904,0.0008539709649871904,0.0008539709649871904,0.0008539709649871904,0.0,0.0,0.0,0.0,0.0,0.0,0.0,0.0,0.0,0.0,0.0,0.0008539709649871904,0.0,0.0,0.0,0.0,0.0,0.0,0.0008539709649871904,0.0,0.0,0.0,0.0,0.0017079419299743809,0.0,0.0008539709649871904,0.0,0.0008539709649871904,0.0
4,0.019230769230769232,0.028388278388278388,0.03296703296703297,0.0,0.00641025641025641,0.024725274725274724,0.0,0.0,0.0,0.0,0.0,0.003663003663003663,0.014652014652014652,0.01282051282051282,0.0,0.0,0.0,0.0018315018315018315,0.0,0.0,0.0,0.0,0.0,0.0,0.0,0.0,0.0,0.0,0.0,0.0,0.0,0.0,0.0,0.0,0.0,0.0009157509157509158,0.0,0.0027472527472527475,0.0,0.0,0.0,0.0009157509157509158,0.0,0.00641025641025641,0.0,0.0,0.0,0.0,0.0027472527472527475,0.0,0.0018315018315018315,0.0,0.0,0.0,0.0,0.0,0.0,0.0,0.0018315018315018315,0.0,0.0,0.0,0.0,0.0018315018315018315,0.0,0.0,0.0,0.0,0.0009157509157509158,0.0,0.0,0.0,0.0,0.0,0.0,0.0,0.0,0.0018315018315018315,0.0,0.0,0.0,0.0,0.0,0.0,0.0,0.0,0.0,0.0,0.0,0.0027472527472527475,0.0,0.0,0.0018315018315018315,0.0,0.0009157509157509158,0.0,0.0,0.0,0.0,0.0,0.0,0.0,0.0,0.0,0.0,0.0009157509157509158,0.0,0.0,0.0,0.0,0.0,0.0,0.0,0.0,0.0,0.0,0.004578754578754579,0.004578754578754579,0.0,0.0,0.0,0.0,0.0,0.0,0.0,0.0009157509157509158,0.0,0.0,0.0027472527472527475,0.0,0.0,0.0,0.0,0.0,0.0,0.0,0.0,0.0027472527472527475,0.0,0.0,0.0,0.0,0.0,0.0,0.0,0.0,0.0,0.0,0.0,0.0,0.0,0.0,0.0,0.0,0.0,0.0,0.0,0.0,0.0,0.0018315018315018315,0.0,0.0,0.0,0.0,0.0009157509157509158,0.0,0.0,0.0,0.0,0.0,0.0,0.0,0.0,0.0,0.0,0.0027472527472527475,0.0,0.0,0.0,0.0018315018315018315,0.0009157509157509158,0.0,0.0027472527472527475,0.0,0.0,0.003663003663003663,0.003663003663003663,0.003663003663003663,0.003663003663003663,0.0,0.0,0.0,0.0,0.0027472527472527475,0.0009157509157509158,0.0009157509157509158,0.0009157509157509158,0.0009157509157509158,0.0,0.0
5,0.0030138637733574444,0.02471368294153104,0.027124773960216998,0.0,0.0054249547920434,0.007233273056057866,0.0006027727546714888,0.0,0.0,0.0,0.0,0.011452682338758288,0.0054249547920434,0.004822182037371911,0.0012055455093429777,0.0006027727546714888,0.0,0.003616636528028933,0.0,0.0,0.0,0.0,0.0,0.0,0.0,0.0,0.0,0.0006027727546714888,0.0,0.0,0.0,0.0,0.0,0.0,0.0,0.0024110910186859553,0.0006027727546714888,0.0030138637733574444,0.0,0.0,0.0,0.0030138637733574444,0.0,0.0006027727546714888,0.0,0.0,0.0,0.0,0.0006027727546714888,0.0006027727546714888,0.0,0.0,0.0006027727546714888,0.0006027727546714888,0.0006027727546714888,0.0,0.0,0.0,0.0006027727546714888,0.0006027727546714888,0.0,0.0006027727546714888,0.0,0.0,0.0,0.0,0.0006027727546714888,0.0,0.0,0.0,0.0012055455093429777,0.0,0.0,0.0,0.0,0.0,0.0,0.0012055455093429777,0.0,0.0006027727546714888,0.0006027727546714888,0.0006027727546714888,0.0006027727546714888,0.0006027727546714888,0.0018083182640144665,0.0006027727546714888,0.0006027727546714888,0.0006027727546714888,0.0,0.0024110910186859553,0.0006027727546714888,0.0,0.003616636528028933,0.0006027727546714888,0.0006027727546714888,0.0,0.0006027727546714888,0.0012055455093429777,0.0006027727546714888,0.0,0.0,0.0,0.0,0.0,0.0,0.0012055455093429777,0.0,0.0,0.0,0.0,0.0,0.0,0.0,0.0,0.0,0.0,0.0,0.0018083182640144665,0.0012055455093429777,0.0006027727546714888,0.0006027727546714888,0.0,0.0012055455093429777,0.0012055455093429777,0.0,0.0018083182640144665,0.0,0.0,0.0,0.0,0.0,0.0,0.0,0.0,0.0,0.0,0.004219409282700422,0.0006027727546714888,0.0006027727546714888,0.0,0.0,0.0,0.0,0.0006027727546714888,0.0006027727546714888,0.0006027727546714888,0.0006027727546714888,0.0006027727546714888,0.0006027727546714888,0.0006027727546714888,0.0006027727546714888,0.0006027727546714888,0.0006027727546714888,0.0006027727546714888,0.0006027727546714888,0.0006027727546714888,0.0006027727546714888,0.0006027727546714888,0.0,0.0006027727546714888,0.0,0.0,0.0,0.0,0.0,0.0,0.0,0.0,0.0,0.0,0.0,0.0,0.0,0.0,0.0,0.0006027727546714888,0.0,0.0,0.0006027727546714888,0.0,0.0030138637733574444,0.0,0.0006027727546714888,0.0,0.0,0.0,0.0,0.0006027727546714888,0.0006027727546714888,0.0,0.0,0.0,0.0006027727546714888,0.0,0.003616636528028933,0.003616636528028933,0.0018083182640144665,0.0,0.0,0.0
6,0.01625526791089705,0.021673690547862733,0.028296207104154123,0.0,0.003612281757977122,0.001806140878988561,0.0,0.0,0.0,0.0,0.0,0.015051173991571343,0.010836845273931367,0.0006020469596628537,0.0012040939193257074,0.0012040939193257074,0.0006020469596628537,0.0030102347983142685,0.0,0.0,0.0,0.002408187838651415,0.0,0.0006020469596628537,0.0006020469596628537,0.0,0.0,0.0,0.0,0.0,0.0,0.0,0.0,0.0,0.0,0.0006020469596628537,0.0,0.0012040939193257074,0.0,0.0,0.0,0.002408187838651415,0.0,0.0,0.0,0.0,0.0006020469596628537,0.0006020469596628537,0.0030102347983142685,0.0,0.0012040939193257074,0.0,0.0,0.0,0.003612281757977122,0.0006020469596628537,0.0,0.0012040939193257074,0.0012040939193257074,0.0,0.0,0.0,0.0006020469596628537,0.0,0.0,0.0,0.0006020469596628537,0.0006020469596628537,0.0,0.0006020469596628537,0.0012040939193257074,0.0,0.0,0.0,0.0,0.0,0.0,0.0,0.0,0.0,0.0,0.0,0.0,0.0,0.0,0.0,0.0,0.0,0.0,0.0006020469596628537,0.0012040939193257074,0.00481637567730283,0.0012040939193257074,0.002408187838651415,0.0,0.0,0.0,0.0,0.0,0.0,0.0,0.0,0.0,0.0,0.0,0.0006020469596628537,0.0,0.0,0.0006020469596628537,0.0,0.0,0.0,0.0,0.0,0.0,0.0,0.0,0.001806140878988561,0.0012040939193257074,0.003612281757977122,0.0006020469596628537,0.0,0.001806140878988561,0.001806140878988561,0.0,0.0,0.0,0.0,0.0,0.0,0.0,0.0,0.0,0.0,0.0,0.0,0.0,0.0030102347983142685,0.0006020469596628537,0.0,0.004214328717639976,0.004214328717639976,0.0006020469596628537,0.0,0.0,0.0,0.0,0.0,0.0,0.0,0.0,0.0,0.0,0.0,0.0,0.0,0.0,0.0006020469596628537,0.0,0.0,0.0,0.0,0.0,0.0,0.0,0.0006020469596628537,0.0,0.0,0.0,0.0,0.0,0.0,0.0,0.0,0.0,0.0006020469596628537,0.0006020469596628537,0.0,0.0,0.0012040939193257074,0.0030102347983142685,0.0012040939193257074,0.001806140878988561,0.0,0.0,0.0006020469596628537,0.0,0.0,0.0,0.0,0.0,0.0,0.0006020469596628537,0.0,0.0006020469596628537,0.0006020469596628537,0.003612281757977122,0.003612281757977122,0.003612281757977122,0.003612281757977122
7,0.07111111111111111,0.022857142857142857,0.018412698412698412,0.0,0.0038095238095238095,0.0038095238095238095,0.0,0.0,0.0,0.0,0.0,0.007619047619047619,0.005079365079365079,0.0025396825396825397,0.0006349206349206349,0.0006349206349206349,0.0,0.0038095238095238095,0.0,0.0,0.0,0.0006349206349206349,0.0,0.0,0.0019047619047619048,0.0,0.0,0.0006349206349206349,0.0,0.0,0.0,0.0,0.0,0.0,0.0,0.0038095238095238095,0.0,0.0019047619047619048,0.0,0.0006349206349206349,0.0,0.0012698412698412698,0.0,0.0,0.0,0.0,0.0006349206349206349,0.0,0.0038095238095238095,0.0,0.0,0.0,0.0019047619047619048,0.0044444444444444444,0.0006349206349206349,0.0,0.0,0.0012698412698412698,0.0,0.0,0.0,0.0,0.0006349206349206349,0.0,0.0,0.0,0.0006349206349206349,0.0006349206349206349,0.0,0.0006349206349206349,0.005079365079365079,0.0038095238095238095,0.0019047619047619048,0.0,0.0,0.0,0.0,0.0006349206349206349,0.0,0.0,0.0,0.0,0.0,0.0,0.0006349206349206349,0.0,0.0,0.0,0.0,0.0012698412698412698,0.0,0.0,0.0025396825396825397,0.0006349206349206349,0.0006349206349206349,0.0025396825396825397,0.0,0.0012698412698412698,0.0,0.0,0.0,0.0,0.0,0.0,0.0006349206349206349,0.0,0.0006349206349206349,0.0,0.0,0.0,0.0,0.0,0.0,0.0,0.0,0.0,0.0,0.0006349206349206349,0.0019047619047619048,0.0,0.0006349206349206349,0.0,0.0044444444444444444,0.0,0.0,0.0006349206349206349,0.0,0.0,0.0006349206349206349,0.0,0.0,0.0,0.0,0.0,0.0,0.0,0.0,0.0025396825396825397,0.0,0.0,0.0006349206349206349,0.0,0.0,0.0006349206349206349,0.0,0.0,0.0,0.0,0.0,0.0,0.0,0.0,0.0,0.0,0.0,0.0,0.0,0.0,0.0,0.0,0.0019047619047619048,0.0,0.0,0.0,0.0006349206349206349,0.0006349206349206349,0.0006349206349206349,0.0,0.0,0.0,0.0,0.0,0.0,0.0,0.0,0.0019047619047619048,0.0,0.0,0.0,0.0019047619047619048,0.0012698412698412698,0.0,0.0,0.0,0.0,0.0,0.0,0.0,0.0,0.0,0.0,0.0,0.0006349206349206349,0.0,0.0,0.0019047619047619048,0.0012698412698412698,0.0006349206349206349,0.0,0.0
8,0.006662628709872804,0.021804966686856452,0.016959418534221685,0.0,0.0024227740763173833,0.0,0.0,0.0,0.0,0.0,0.0,0.0072683222289521504,0.0072683222289521504,0.0,0.0024227740763173833,0.0,0.0018170805572380376,0.004845548152634767,0.0,0.0,0.0,0.0018170805572380376,0.0,0.0,0.0,0.0006056935190793458,0.0,0.0,0.0006056935190793458,0.0,0.0,0.0,0.0,0.0,0.0,0.0012113870381586917,0.0,0.004239854633555421,0.0,0.0,0.0,0.0006056935190793458,0.0,0.0006056935190793458,0.0,0.0,0.0012113870381586917,0.0,0.0018170805572380376,0.0,0.0006056935190793458,0.0006056935190793458,0.0012113870381586917,0.0012113870381586917,0.005451241671714113,0.005451241671714113,0.0,0.0006056935190793458,0.0024227740763173833,0.0,0.0,0.0,0.0,0.0006056935190793458,0.0,0.0,0.0006056935190793458,0.0,0.0,0.0006056935190793458,0.0012113870381586917,0.0012113870381586917,0.0006056935190793458,0.0,0.0,0.0,0.0,0.0,0.0,0.0,0.0006056935190793458,0.0006056935190793458,0.0,0.0,0.0006056935190793458,0.0006056935190793458,0.0,0.0,0.0,0.0012113870381586917,0.0,0.0006056935190793458,0.0006056935190793458,0.0006056935190793458,0.0,0.0006056935190793458,0.0,0.0,0.0,0.0,0.0,0.0,0.0,0.0,0.0006056935190793458,0.0,0.0,0.0006056935190793458,0.0,0.0,0.0,0.0,0.0,0.0,0.0,0.0,0.0030284675953967293,0.0024227740763173833,0.0,0.0,0.004239854633555421,0.0,0.0006056935190793458,0.0018170805572380376,0.0,0.0006056935190793458,0.0,0.0,0.004239854633555421,0.004239854633555421,0.004239854633555421,0.004239854633555421,0.004239854633555421,0.004239854633555421,0.004239854633555421,0.004239854633555421,0.0,0.0018170805572380376,0.0,0.0,0.0,0.0,0.0,0.0,0.0,0.0,0.0,0.0,0.0,0.0,0.0,0.0,0.0,0.0,0.0,0.0,0.0,0.0,0.0,0.0,0.0012113870381586917,0.0,0.0,0.0,0.0,0.0,0.0006056935190793458,0.0,0.0,0.0,0.0,0.0,0.0,0.0,0.0,0.0012113870381586917,0.0,0.0,0.0,0.0006056935190793458,0.0006056935190793458,0.0006056935190793458,0.0006056935190793458,0.0,0.0,0.0,0.0,0.0,0.0,0.0,0.0,0.0,0.0,0.0,0.0018170805572380376,0.0006056935190793458,0.0018170805572380376,0.0,0.0006056935190793458,0.0
9,0.005681818181818182,0.030113636363636363,0.022727272727272728,0.0,0.008522727272727272,0.003409090909090909,0.0,0.0,0.0,0.0,0.0,0.011363636363636364,0.0022727272727272726,0.0017045454545454545,0.0005681818181818182,0.0017045454545454545,0.0005681818181818182,0.0017045454545454545,0.0,0.0,0.0,0.0011363636363636363,0.0,0.0005681818181818182,0.0,0.0005681818181818182,0.0,0.0,0.0005681818181818182,0.0,0.0,0.0,0.0,0.0,0.0,0.0011363636363636363,0.0,0.0005681818181818182,0.0,0.0,0.0,0.0022727272727272726,0.0,0.0,0.0,0.00625,0.0,0.0005681818181818182,0.003977272727272727,0.0,0.0,0.005681818181818182,0.0005681818181818182,0.0005681818181818182,0.0022727272727272726,0.0017045454545454545,0.0,0.0011363636363636363,0.0011363636363636363,0.0,0.0,0.0,0.0,0.0,0.0,0.0,0.0,0.0,0.0,0.005113636363636364,0.0,0.0,0.0,0.0,0.0,0.0,0.0,0.0,0.0,0.0,0.0,0.0,0.0,0.0,0.0,0.0,0.0,0.0,0.0,0.0017045454545454545,0.0,0.0,0.0022727272727272726,0.0,0.0,0.0,0.0,0.003409090909090909,0.0,0.0,0.0,0.0,0.0,0.0,0.0005681818181818182,0.0022727272727272726,0.0,0.0,0.0,0.0,0.0,0.0,0.0,0.0,0.0,0.0,0.0005681818181818182,0.0005681818181818182,0.004545454545454545,0.0,0.002840909090909091,0.0,0.003409090909090909,0.0022727272727272726,0.0,0.0,0.0,0.0,0.003409090909090909,0.0017045454545454545,0.0017045454545454545,0.0017045454545454545,0.0017045454545454545,0.0022727272727272726,0.0017045454545454545,0.0017045454545454545,0.0,0.0,0.0,0.0,0.0,0.0005681818181818182,0.0,0.0005681818181818182,0.0,0.0,0.0,0.0,0.0,0.0,0.0,0.0,0.0,0.0,0.0,0.0,0.0,0.0,0.0,0.0005681818181818182,0.0,0.0,0.0,0.0,0.0,0.003977272727272727,0.003977272727272727,0.003977272727272727,0.003977272727272727,0.003977272727272727,0.003977272727272727,0.003977272727272727,0.003977272727272727,0.003977272727272727,0.003977272727272727,0.0005681818181818182,0.0,0.0,0.0005681818181818182,0.0005681818181818182,0.0011363636363636363,0.0,0.0005681818181818182,0.0,0.0,0.0005681818181818182,0.0,0.0,0.0,0.0005681818181818182,0.0,0.0,0.0005681818181818182,0.0005681818181818182,0.0005681818181818182,0.0,0.0017045454545454545,0.0,0.0005681818181818182,0.0
10,0.002335084646818447,0.022183304144775248,0.027437244600116754,0.0,0.0035026269702276708,0.0011675423234092236,0.0,0.0,0.0,0.0,0.0,0.004086398131932283,0.004670169293636894,0.0005837711617046118,0.0005837711617046118,0.0005837711617046118,0.0,0.002335084646818447,0.0,0.0,0.0,0.0,0.008172796263864565,0.0005837711617046118,0.0,0.0,0.0,0.0,0.0,0.0005837711617046118,0.0,0.0,0.0,0.0,0.0,0.0,0.0,0.0005837711617046118,0.0,0.0035026269702276708,0.0035026269702276708,0.0,0.0,0.0,0.0,0.0,0.0,0.0,0.0011675423234092236,0.0035026269702276708,0.0005837711617046118,0.0,0.0,0.0011675423234092236,0.0017513134851138354,0.0005837711617046118,0.0,0.0,0.0035026269702276708,0.0,0.005253940455341506,0.005253940455341506,0.005253940455341506,0.002335084646818447,0.0,0.0,0.0011675423234092236,0.002335084646818447,0.0,0.0005837711617046118,0.0,0.0,0.0,0.0,0.0,0.0,0.0,0.0,0.0,0.0005837711617046118,0.0,0.0,0.0,0.0,0.0,0.0,0.0,0.0,0.0,0.0,0.0,0.0,0.0011675423234092236,0.002335084646818447,0.0,0.0,0.004670169293636894,0.004670169293636894,0.004670169293636894,0.004670169293636894,0.004670169293636894,0.004670169293636894,0.004670169293636894,0.004670169293636894,0.0005837711617046118,0.0017513134851138354,0.0,0.0,0.0,0.0,0.0,0.0,0.0,0.0,0.0,0.0,0.0,0.0017513134851138354,0.0017513134851138354,0.0,0.0017513134851138354,0.0035026269702276708,0.0,0.0005837711617046118,0.0,0.0,0.0,0.0,0.0011675423234092236,0.0005837711617046118,0.0005837711617046118,0.0005837711617046118,0.0005837711617046118,0.0005837711617046118,0.0005837711617046118,0.0005837711617046118,0.0,0.0011675423234092236,0.0005837711617046118,0.0,0.0,0.0,0.0,0.0,0.0005837711617046118,0.0,0.0,0.0,0.0,0.0,0.0,0.0,0.0,0.0,0.0,0.0,0.0,0.0,0.0,0.0005837711617046118,0.0011675423234092236,0.0,0.0,0.0,0.0,0.0,0.0,0.0,0.0,0.0,0.0,0.0,0.0,0.0,0.0,0.0,0.0,0.0,0.0,0.0,0.0005837711617046118,0.0,0.0,0.0,0.0,0.0,0.0,0.0,0.0,0.0,0.0,0.0,0.0,0.0,0.0,0.0005837711617046118,0.0017513134851138354,0.0,0.0005837711617046118,0.0
11,0.007864488808227465,0.024198427102238355,0.03145795523290986,0.0,0.0024198427102238356,0.0012099213551119178,0.0,0.0,0.0,0.0,0.0,0.006654567453115548,0.007259528130671506,0.0,0.0,0.004839685420447671,0.0006049606775559589,0.0024198427102238356,0.0,0.0,0.0,0.0,0.0,0.0012099213551119178,0.0,0.0,0.0,0.0,0.0,0.0,0.0,0.0,0.0,0.0,0.0,0.006654567453115548,0.0,0.003629764065335753,0.0,0.0,0.0,0.0012099213551119178,0.0,0.0,0.0,0.0,0.0018148820326678765,0.0,0.0030248033877797943,0.0,0.003629764065335753,0.0,0.0012099213551119178,0.0012099213551119178,0.0,0.0,0.0,0.0012099213551119178,0.0030248033877797943,0.0,0.0,0.0,0.0,0.0,0.0,0.0,0.0,0.0,0.0006049606775559589,0.0006049606775559589,0.004839685420447671,0.0012099213551119178,0.0,0.0,0.0,0.0,0.0,0.0,0.0,0.0,0.0,0.0,0.0,0.0,0.0,0.0,0.0,0.0,0.0,0.0012099213551119178,0.0012099213551119178,0.0,0.0024198427102238356,0.0018148820326678765,0.0,0.0,0.0012099213551119178,0.004234724742891712,0.0,0.0,0.0,0.0,0.0,0.0,0.0006049606775559589,0.0,0.0,0.0,0.0,0.0,0.0,0.0,0.0,0.0,0.0,0.0,0.0012099213551119178,0.0012099213551119178,0.0,0.0,0.0,0.0,0.0024198427102238356,0.0006049606775559589,0.0,0.0,0.0,0.0,0.0018148820326678765,0.0,0.0,0.0,0.0,0.0,0.0,0.0,0.0,0.0006049606775559589,0.0012099213551119178,0.0,0.0,0.0,0.0,0.0006049606775559589,0.0,0.0,0.0,0.0,0.0,0.0,0.0,0.0,0.0,0.0,0.0,0.0,0.0,0.0,0.0,0.0,0.0,0.0,0.0,0.0,0.0006049606775559589,0.0,0.0,0.0006049606775559589,0.0,0.0,0.0,0.0,0.0,0.0018148820326678765,0.0,0.0006049606775559589,0.0,0.0,0.0,0.0012099213551119178,0.0024198427102238356,0.0006049606775559589,0.0,0.0,0.0,0.0024198427102238356,0.0,0.0,0.0,0.0,0.0,0.0,0.003629764065335753,0.003629764065335753,0.0006049606775559589,0.0,0.0018148820326678765,0.0,0.0,0.0
12,0.006075334143377886,0.020048602673147023,0.02490886998784933,0.0,0.0018226002430133657,0.0006075334143377885,0.0,0.0,0.0,0.0,0.0,0.009720534629404616,0.0054678007290400975,0.0,0.0,0.0,0.001215066828675577,0.004860267314702308,0.0,0.0,0.0,0.00850546780072904,0.0,0.0,0.0,0.0,0.0,0.0,0.0006075334143377885,0.0,0.0,0.0,0.0,0.0,0.0,0.001215066828675577,0.0,0.0018226002430133657,0.0,0.0,0.0,0.0018226002430133657,0.0,0.0,0.0,0.0,0.006075334143377886,0.006075334143377886,0.002430133657351154,0.0,0.0006075334143377885,0.0,0.0,0.0,0.0006075334143377885,0.0,0.0,0.0006075334143377885,0.0006075334143377885,0.0006075334143377885,0.0,0.0,0.0,0.0,0.0,0.0,0.0006075334143377885,0.0,0.0,0.0,0.001215066828675577,0.0,0.0,0.0,0.0,0.0,0.0,0.0,0.0,0.0,0.0,0.0,0.0,0.0,0.0,0.0,0.0,0.0,0.0,0.0,0.004860267314702308,0.0,0.002430133657351154,0.0006075334143377885,0.0018226002430133657,0.0,0.0006075334143377885,0.0006075334143377885,0.0,0.0,0.0,0.0,0.0,0.0,0.0,0.0,0.0018226002430133657,0.0,0.0,0.0,0.0,0.0,0.0,0.0,0.0,0.0,0.001215066828675577,0.002430133657351154,0.0,0.0,0.0018226002430133657,0.0,0.001215066828675577,0.0,0.0,0.0,0.0,0.00425273390036452,0.0006075334143377885,0.0,0.0,0.0,0.0,0.0,0.0,0.0,0.0,0.0006075334143377885,0.0,0.0,0.0,0.0006075334143377885,0.0,0.0,0.0006075334143377885,0.0,0.0,0.0,0.0,0.0,0.0,0.0,0.0,0.0,0.0,0.0,0.0,0.0,0.0,0.0,0.0006075334143377885,0.0,0.0,0.0,0.0,0.0006075334143377885,0.0,0.0006075334143377885,0.0,0.0,0.0,0.0,0.0,0.0,0.0,0.0006075334143377885,0.0,0.0,0.0006075334143377885,0.001215066828675577,0.0,0.0,0.001215066828675577,0.0,0.0,0.0006075334143377885,0.0,0.0006075334143377885,0.0,0.0006075334143377885,0.0036452004860267314,0.0036452004860267314,0.0006075334143377885,0.0006075334143377885,0.0006075334143377885,0.0,0.0,0.002430133657351154,0.0,0.0018226002430133657
13,0.004380475594493116,0.023779724655819776,0.028160200250312892,0.0,0.006257822277847309,0.0050062578222778474,0.0,0.0,0.0,0.0,0.0,0.010012515644555695,0.0031289111389236545,0.0012515644555694619,0.0006257822277847309,0.0006257822277847309,0.0006257822277847309,0.0037546933667083854,0.0,0.0,0.0,0.0018773466833541927,0.0,0.0,0.0,0.0,0.0,0.0006257822277847309,0.0,0.0,0.0,0.0,0.0,0.0,0.0,0.0006257822277847309,0.0006257822277847309,0.0031289111389236545,0.0,0.0006257822277847309,0.0,0.0018773466833541927,0.0,0.0006257822277847309,0.0,0.0,0.0012515644555694619,0.0,0.0031289111389236545,0.0,0.0018773466833541927,0.0018773466833541927,0.0012515644555694619,0.0,0.0006257822277847309,0.0,0.0,0.0,0.0037546933667083854,0.0006257822277847309,0.0006257822277847309,0.0,0.0025031289111389237,0.0,0.0,0.0,0.0012515644555694619,0.0,0.0,0.0,0.0006257822277847309,0.0,0.0,0.0,0.0,0.0,0.0,0.0012515644555694619,0.0,0.0,0.0,0.0,0.0,0.0,0.0,0.0006257822277847309,0.0,0.0,0.0,0.0006257822277847309,0.0006257822277847309,0.0,0.0012515644555694619,0.0018773466833541927,0.0,0.0,0.0006257822277847309,0.0025031289111389237,0.0,0.0,0.0,0.0,0.0,0.0,0.0,0.0012515644555694619,0.0,0.0,0.0,0.0,0.0,0.0,0.0,0.0,0.0,0.0,0.0,0.0018773466833541927,0.0025031289111389237,0.0,0.0,0.0,0.0,0.0018773466833541927,0.0,0.0006257822277847309,0.0,0.0006257822277847309,0.0006257822277847309,0.0,0.0,0.0,0.0,0.0,0.0,0.0,0.0,0.0006257822277847309,0.0006257822277847309,0.0,0.0,0.0,0.0,0.0018773466833541927,0.0006257822277847309,0.0,0.0,0.0,0.0,0.0,0.0,0.0,0.0,0.0,0.0,0.0,0.0,0.0,0.0,0.0006257822277847309,0.0,0.0,0.0,0.0,0.0,0.0,0.0012515644555694619,0.0025031289111389237,0.0018773466833541927,0.0018773466833541927,0.0012515644555694619,0.0012515644555694619,0.0012515644555694619,0.0012515644555694619,0.0012515644555694619,0.0,0.0,0.0,0.0018773466833541927,0.0037546933667083854,0.0,0.0025031289111389237,0.0006257822277847309,0.0,0.0,0.0006257822277847309,0.0,0.0,0.0,0.0,0.0,0.0012515644555694619,0.0,0.0006257822277847309,0.0006257822277847309,0.0031289111389236545,0.0018773466833541927,0.0006257822277847309,0.0,0.0006257822277847309
14,0.003721424774056353,0.022860180754917598,0.01648059542796385,0.0,0.004253056884635832,0.0,0.0,0.0,0.0,0.0,0.0,0.01063264221158958,0.003189792663476874,0.0,0.0,0.000531632110579479,0.009037745879851143,0.003721424774056353,0.0,0.008506113769271665,0.008506113769271665,0.000531632110579479,0.0,0.0,0.007974481658692184,0.007974481658692184,0.007974481658692184,0.007974481658692184,0.007974481658692184,0.007974481658692184,0.007974481658692184,0.007974481658692184,0.007974481658692184,0.0,0.007442849548112706,0.001594896331738437,0.0,0.006911217437533227,0.0,0.000531632110579479,0.0,0.001063264221158958,0.0,0.0,0.0,0.0,0.000531632110579479,0.001594896331738437,0.003189792663476874,0.0,0.005847953216374269,0.001594896331738437,0.0,0.0,0.000531632110579479,0.0,0.0,0.000531632110579479,0.00531632110579479,0.0,0.0,0.0,0.0,0.000531632110579479,0.0,0.0,0.0,0.0,0.000531632110579479,0.001063264221158958,0.000531632110579479,0.0,0.0,0.0,0.0,0.0,0.0,0.0,0.0,0.0,0.0,0.0,0.0,0.0,0.0,0.0,0.0,0.0,0.0,0.000531632110579479,0.000531632110579479,0.0,0.002126528442317916,0.0,0.000531632110579479,0.0,0.0,0.001063264221158958,0.0,0.0,0.0,0.0,0.0,0.0,0.000531632110579479,0.0,0.0,0.0,0.0,0.0,0.0,0.0,0.0,0.0,0.0,0.0,0.000531632110579479,0.000531632110579479,0.001594896331738437,0.000531632110579479,0.000531632110579479,0.0,0.0,0.000531632110579479,0.0,0.0,0.0,0.000531632110579479,0.0,0.0,0.0,0.0,0.0,0.0,0.0,0.0,0.0,0.000531632110579479,0.000531632110579479,0.0,0.0,0.000531632110579479,0.0,0.000531632110579479,0.0,0.0,0.0,0.0,0.0,0.0,0.0,0.0,0.0,0.0,0.0,0.0,0.000531632110579479,0.0,0.0,0.0,0.0,0.0,0.0,0.0,0.0,0.001063264221158958,0.001063264221158958,0.001063264221158958,0.001063264221158958,0.001063264221158958,0.001063264221158958,0.001063264221158958,0.000531632110579479,0.001063264221158958,0.000531632110579479,0.000531632110579479,0.000531632110579479,0.0,0.0,0.003189792663476874,0.003721424774056353,0.003721424774056353,0.000531632110579479,0.0,0.0,0.0,0.0,0.0,0.0,0.0,0.0,0.0,0.0,0.0,0.000531632110579479,0.0,0.001594896331738437,0.000531632110579479,0.0,0.000531632110579479
15,0.00818639798488665,0.030226700251889168,0.02959697732997481,0.0,0.006297229219143577,0.0006297229219143577,0.0,0.0,0.0,0.0,0.0,0.010075566750629723,0.0031486146095717885,0.0,0.0,0.0006297229219143577,0.0012594458438287153,0.0031486146095717885,0.0,0.0006297229219143577,0.0,0.0006297229219143577,0.0,0.0,0.0,0.0,0.0,0.0,0.0006297229219143577,0.0,0.0,0.0,0.0,0.0,0.0,0.006297229219143577,0.0069269521410579345,0.0031486146095717885,0.0,0.0,0.0,0.0,0.0,0.0006297229219143577,0.0,0.0,0.0006297229219143577,0.001889168765743073,0.0,0.0,0.0025188916876574307,0.0,0.005667506297229219,0.005667506297229219,0.0006297229219143577,0.0,0.0,0.0006297229219143577,0.0025188916876574307,0.0,0.0,0.0,0.0,0.0,0.0,0.0,0.0,0.0,0.0006297229219143577,0.0006297229219143577,0.005037783375314861,0.005037783375314861,0.005037783375314861,0.005037783375314861,0.005037783375314861,0.005037783375314861,0.005037783375314861,0.0,0.0,0.0,0.0,0.0,0.0,0.0,0.0,0.0006297229219143577,0.0,0.0,0.0,0.0012594458438287153,0.0006297229219143577,0.0,0.0006297229219143577,0.0006297229219143577,0.0,0.0,0.0,0.0031486146095717885,0.0012594458438287153,0.0,0.0,0.0,0.0,0.0,0.0006297229219143577,0.0012594458438287153,0.0,0.0,0.0,0.0,0.0,0.0,0.0,0.0,0.0,0.0,0.001889168765743073,0.0,0.0006297229219143577,0.0006297229219143577,0.0012594458438287153,0.0,0.001889168765743073,0.0025188916876574307,0.0,0.0,0.0,0.0006297229219143577,0.0,0.0,0.0,0.0,0.0,0.0,0.0,0.0,0.0,0.0006297229219143577,0.0,0.0,0.0,0.0,0.0,0.0006297229219143577,0.0,0.0,0.0,0.0,0.0,0.0,0.0,0.0,0.0,0.0,0.0,0.0,0.0,0.0,0.0,0.0006297229219143577,0.0,0.0,0.0,0.0,0.0,0.0,0.0,0.0,0.0,0.0,0.0,0.0,0.0,0.0,0.0,0.0,0.0,0.0,0.003778337531486146,0.0006297229219143577,0.0,0.0006297229219143577,0.0006297229219143577,0.0,0.0,0.0,0.0,0.0,0.0,0.0,0.0,0.0,0.0,0.0,0.0006297229219143577,0.0,0.0006297229219143577,0.0,0.0006297229219143577,0.0
16,0.006997084548104956,0.026822157434402333,0.02565597667638484,0.0,0.0029154518950437317,0.0011661807580174927,0.0,0.0,0.0,0.0,0.0,0.011078717201166181,0.0052478134110787176,0.0011661807580174927,0.0005830903790087463,0.0011661807580174927,0.0011661807580174927,0.006997084548104956,0.0,0.0,0.0,0.0005830903790087463,0.0,0.0,0.0005830903790087463,0.0,0.0,0.0011661807580174927,0.0,0.0,0.0,0.0,0.0,0.0,0.0,0.0,0.0005830903790087463,0.0,0.0,0.0,0.0,0.0052478134110787176,0.0,0.0,0.0,0.0,0.0,0.0005830903790087463,0.001749271137026239,0.0,0.0,0.0,0.0,0.0,0.0,0.0,0.0,0.0,0.0,0.0,0.0,0.001749271137026239,0.0011661807580174927,0.0,0.0,0.0,0.0,0.0,0.0,0.0,0.0,0.0,0.0,0.0,0.0,0.0,0.0,0.0,0.0,0.0,0.0,0.0,0.0,0.0,0.0,0.0011661807580174927,0.0,0.0,0.0,0.0011661807580174927,0.0,0.0,0.0029154518950437317,0.001749271137026239,0.0,0.0,0.0,0.0011661807580174927,0.0011661807580174927,0.0,0.0,0.0,0.0,0.0,0.004664723032069971,0.0005830903790087463,0.0,0.0,0.0,0.0,0.0,0.0,0.0,0.0,0.0,0.0,0.0,0.0,0.0005830903790087463,0.0011661807580174927,0.0011661807580174927,0.0,0.0005830903790087463,0.0011661807580174927,0.0,0.0005830903790087463,0.0,0.0005830903790087463,0.0005830903790087463,0.0,0.0,0.0,0.0,0.0,0.0,0.0,0.0,0.0005830903790087463,0.0,0.0,0.0,0.0005830903790087463,0.0005830903790087463,0.004081632653061225,0.004081632653061225,0.004081632653061225,0.004081632653061225,0.004081632653061225,0.004081632653061225,0.004081632653061225,0.004081632653061225,0.004081632653061225,0.004081632653061225,0.004081632653061225,0.004081632653061225,0.004081632653061225,0.004081632653061225,0.004081632653061225,0.004081632653061225,0.0,0.0,0.0,0.0,0.0,0.0,0.0,0.0,0.0,0.0,0.0,0.0,0.0,0.0,0.0,0.0,0.0,0.0005830903790087463,0.0,0.0,0.0011661807580174927,0.0005830903790087463,0.0,0.0005830903790087463,0.0,0.0,0.0,0.0,0.0,0.0,0.0005830903790087463,0.0,0.0,0.0005830903790087463,0.0,0.0,0.0011661807580174927,0.0023323615160349854,0.0005830903790087463,0.0,0.0
17,0.09025270758122744,0.018566271273852502,0.02372356884992264,0.0,0.005673027333677153,0.0030943785456420837,0.0,0.0,0.0,0.0,0.0,0.006188757091284167,0.0041258380608561115,0.0015471892728210418,0.0010314595152140279,0.0010314595152140279,0.0,0.0010314595152140279,0.0,0.0,0.0,0.0,0.0,0.0,0.0005157297576070139,0.0010314595152140279,0.0,0.0,0.0,0.0005157297576070139,0.0,0.0,0.0,0.0,0.0,0.0005157297576070139,0.0005157297576070139,0.005673027333677153,0.0,0.0005157297576070139,0.0005157297576070139,0.0020629190304280558,0.0,0.0,0.0,0.0,0.0,0.0,0.0015471892728210418,0.0005157297576070139,0.0015471892728210418,0.0005157297576070139,0.0,0.0,0.0010314595152140279,0.0,0.0,0.0005157297576070139,0.0020629190304280558,0.0,0.0,0.0,0.0,0.0,0.0,0.0,0.005157297576070139,0.0010314595152140279,0.0,0.0,0.0,0.0,0.0,0.0,0.0,0.0,0.0,0.0,0.0,0.0005157297576070139,0.0,0.0,0.0,0.0,0.0,0.0005157297576070139,0.0,0.0,0.0,0.0005157297576070139,0.0,0.0,0.0025786487880350697,0.0010314595152140279,0.0005157297576070139,0.0,0.0005157297576070139,0.0020629190304280558,0.0,0.0,0.0,0.0,0.0,0.0,0.0010314595152140279,0.0010314595152140279,0.0005157297576070139,0.0,0.0,0.0,0.0,0.0,0.0,0.0,0.0,0.0,0.0010314595152140279,0.0005157297576070139,0.0025786487880350697,0.0015471892728210418,0.0025786487880350697,0.0005157297576070139,0.0005157297576070139,0.0,0.0,0.0005157297576070139,0.0,0.0,0.0,0.0,0.0,0.0,0.0,0.0,0.0,0.0,0.0,0.0010314595152140279,0.0005157297576070139,0.0,0.0,0.0005157297576070139,0.0005157297576070139,0.0010314595152140279,0.0005157297576070139,0.0,0.0,0.0,0.0,0.0,0.0,0.0,0.0,0.0,0.0,0.0,0.0,0.0,0.0,0.0,0.0005157297576070139,0.0,0.0,0.0,0.0,0.0,0.0,0.0005157297576070139,0.0010314595152140279,0.0005157297576070139,0.0,0.0,0.0,0.0,0.0,0.0010314595152140279,0.0,0.0,0.0005157297576070139,0.0005157297576070139,0.0010314595152140279,0.0,0.0005157297576070139,0.0,0.0,0.0005157297576070139,0.0,0.0,0.0,0.0005157297576070139,0.0,0.0,0.0,0.0,0.0005157297576070139,0.0010314595152140279,0.0005157297576070139,0.0005157297576070139,0.0005157297576070139,0.0
18,0.0012338062924120913,0.02282541640962369,0.03146206045650833,0.0,0.001850709438618137,0.019123997532387416,0.0,0.0,0.0,0.0,0.0,0.006785934608266502,0.004935225169648365,0.007402837754472548,0.0,0.0,0.0012338062924120913,0.0024676125848241827,0.0,0.0,0.0,0.0,0.0,0.0,0.0,0.0,0.0,0.0,0.0012338062924120913,0.0,0.0,0.0,0.0,0.0,0.0,0.001850709438618137,0.0,0.00431832202344232,0.0,0.0,0.0,0.001850709438618137,0.0,0.0,0.0,0.0,0.0006169031462060457,0.0,0.0030845157310302285,0.0,0.0,0.0,0.0,0.003701418877236274,0.0006169031462060457,0.0,0.0,0.0006169031462060457,0.0,0.0,0.0,0.0,0.0006169031462060457,0.0,0.0,0.0,0.0006169031462060457,0.0,0.0,0.0,0.0006169031462060457,0.0012338062924120913,0.0,0.0,0.0,0.0,0.0,0.004935225169648365,0.004935225169648365,0.0,0.0,0.0,0.0,0.0,0.0,0.0,0.0,0.0,0.0,0.0006169031462060457,0.0,0.0,0.0024676125848241827,0.0012338062924120913,0.001850709438618137,0.0,0.0006169031462060457,0.0012338062924120913,0.0006169031462060457,0.0,0.0,0.0,0.0,0.0,0.0,0.0012338062924120913,0.0,0.0,0.0,0.0030845157310302285,0.0,0.0,0.0,0.0,0.0,0.0,0.0,0.0,0.0006169031462060457,0.0006169031462060457,0.0012338062924120913,0.0,0.0,0.0024676125848241827,0.0,0.00431832202344232,0.0,0.0,0.0006169031462060457,0.0,0.0,0.0,0.0,0.0,0.0,0.0,0.0,0.0006169031462060457,0.0006169031462060457,0.0,0.0,0.0,0.0006169031462060457,0.0024676125848241827,0.0,0.0,0.0,0.0,0.0,0.0,0.0,0.0,0.0,0.0,0.0,0.0,0.0,0.0,0.0,0.0,0.0,0.0,0.0,0.0,0.0,0.0,0.0006169031462060457,0.0012338062924120913,0.0,0.0,0.0,0.0,0.0,0.0,0.0,0.0,0.0,0.0,0.0,0.0,0.0,0.0,0.0,0.003701418877236274,0.003701418877236274,0.0012338062924120913,0.0,0.0,0.0,0.0006169031462060457,0.0,0.0,0.0,0.0,0.0006169031462060457,0.001850709438618137,0.0012338062924120913,0.0,0.0006169031462060457,0.0
19,0.005980861244019139,0.014354066985645933,0.01854066985645933,0.0,0.007177033492822967,0.0017942583732057417,0.0,0.0005980861244019139,0.0,0.0,0.0,0.005382775119617225,0.007177033492822967,0.0011961722488038277,0.0011961722488038277,0.0011961722488038277,0.0005980861244019139,0.004186602870813397,0.0,0.0,0.0,0.0005980861244019139,0.0,0.0,0.0,0.0,0.0,0.0,0.0,0.0,0.0,0.0,0.0,0.0,0.0,0.007177033492822967,0.0005980861244019139,0.0005980861244019139,0.0,0.0,0.0,0.0035885167464114833,0.0,0.0,0.0,0.0,0.0005980861244019139,0.0005980861244019139,0.0005980861244019139,0.0,0.0005980861244019139,0.0,0.0,0.0,0.0,0.0,0.0,0.005382775119617225,0.0005980861244019139,0.0005980861244019139,0.0005980861244019139,0.0011961722488038277,0.0,0.0005980861244019139,0.0,0.0,0.0005980861244019139,0.0,0.0,0.0,0.0005980861244019139,0.0005980861244019139,0.0,0.0,0.0,0.0,0.0,0.0,0.0,0.0,0.0,0.0,0.0,0.0,0.0,0.0,0.0,0.0005980861244019139,0.0,0.0005980861244019139,0.0,0.0,0.004784688995215311,0.004784688995215311,0.0,0.0,0.0,0.0,0.0,0.0,0.0,0.0,0.0,0.0,0.0,0.0005980861244019139,0.0,0.0,0.0,0.0,0.0,0.0,0.0,0.0,0.0,0.0,0.0005980861244019139,0.0035885167464114833,0.0011961722488038277,0.0005980861244019139,0.0005980861244019139,0.0,0.0,0.0023923444976076554,0.0,0.0,0.0,0.0,0.0005980861244019139,0.0,0.0,0.0,0.0,0.0,0.0,0.0,0.0,0.0035885167464114833,0.0,0.0,0.0,0.0,0.004186602870813397,0.0,0.0,0.0,0.0,0.0,0.0,0.0,0.0,0.0,0.0,0.0,0.0,0.0,0.0,0.0,0.0,0.0,0.0,0.0,0.0,0.0,0.0,0.0,0.0005980861244019139,0.0005980861244019139,0.0005980861244019139,0.0005980861244019139,0.0005980861244019139,0.0005980861244019139,0.0005980861244019139,0.0005980861244019139,0.0,0.0023923444976076554,0.0,0.0,0.0,0.0017942583732057417,0.0017942583732057417,0.0,0.0005980861244019139,0.0,0.0,0.0005980861244019139,0.0,0.0,0.0,0.0011961722488038277,0.0,0.0,0.0,0.0,0.0011961722488038277,0.0005980861244019139,0.0,0.0,0.0005980861244019139,0.0005980861244019139
20,0.006307339449541285,0.025802752293577983,0.03153669724770642,0.0,0.0017201834862385322,0.0005733944954128441,0.0,0.0,0.0,0.01834862385321101,0.016628440366972478,0.006880733944954129,0.008600917431192661,0.0,0.0005733944954128441,0.00974770642201835,0.0,0.005160550458715597,0.008600917431192661,0.0,0.0,0.006880733944954129,0.0,0.008027522935779817,0.0,0.0,0.0,0.0,0.0,0.0,0.0,0.0,0.0,0.007454128440366973,0.0,0.0005733944954128441,0.0,0.0011467889908256881,0.006880733944954129,0.0011467889908256881,0.0,0.0,0.0,0.0,0.006307339449541285,0.0,0.0,0.0,0.0017201834862385322,0.0,0.0005733944954128441,0.0,0.0,0.0,0.0,0.0,0.0,0.0,0.0011467889908256881,0.0,0.0,0.0005733944954128441,0.0005733944954128441,0.005160550458715597,0.005160550458715597,0.005160550458715597,0.0,0.0,0.0,0.0,0.0005733944954128441,0.0,0.0,0.0,0.0,0.0,0.0,0.0,0.0,0.0,0.0,0.0,0.0,0.0,0.0005733944954128441,0.0005733944954128441,0.0,0.0,0.0,0.0017201834862385322,0.0,0.0,0.0005733944954128441,0.0,0.0,0.0005733944954128441,0.0,0.0,0.0,0.0,0.0,0.0,0.0,0.0,0.0,0.0045871559633027525,0.0045871559633027525,0.0045871559633027525,0.0045871559633027525,0.0045871559633027525,0.0045871559633027525,0.0045871559633027525,0.0045871559633027525,0.0045871559633027525,0.0045871559633027525,0.0045871559633027525,0.0,0.0011467889908256881,0.0,0.0005733944954128441,0.0005733944954128441,0.0,0.0011467889908256881,0.0,0.0,0.0011467889908256881,0.0,0.0034403669724770644,0.0034403669724770644,0.0,0.0,0.0,0.0,0.0,0.0,0.0,0.0,0.0011467889908256881,0.0,0.0,0.0,0.0,0.0,0.0005733944954128441,0.0,0.0,0.0,0.0,0.0,0.0,0.0,0.0,0.0,0.0,0.0,0.0,0.0,0.0,0.0,0.0040137614678899085,0.0040137614678899085,0.0040137614678899085,0.0040137614678899085,0.0040137614678899085,0.0005733944954128441,0.0011467889908256881,0.0,0.0,0.0,0.0,0.0,0.0,0.0,0.0,0.0,0.0005733944954128441,0.0,0.0,0.0,0.0011467889908256881,0.0017201834862385322,0.0011467889908256881,0.0011467889908256881,0.0,0.0,0.0011467889908256881,0.0,0.0,0.0,0.0011467889908256881,0.0,0.0,0.0,0.0011467889908256881,0.0017201834862385322,0.0005733944954128441,0.0017201834862385322,0.0,0.0,0.0
21,0.004869141813755326,0.027388922702373707,0.027388922702373707,0.0,0.00426049908703591,0.0006086427267194157,0.0,0.0,0.0,0.0036518563603164943,0.004869141813755326,0.013390139987827145,0.007303712720632989,0.0,0.0030432136335970784,0.0012172854534388314,0.0,0.0018259281801582471,0.0006086427267194157,0.0,0.0,0.0012172854534388314,0.0,0.0006086427267194157,0.0,0.0,0.0,0.0,0.0,0.0,0.0,0.0,0.0,0.0,0.0,0.0018259281801582471,0.0,0.002434570906877663,0.0,0.0,0.0,0.0012172854534388314,0.0,0.0,0.0012172854534388314,0.0,0.0012172854534388314,0.0,0.0018259281801582471,0.0,0.0006086427267194157,0.0,0.0006086427267194157,0.0,0.0006086427267194157,0.0,0.0,0.0012172854534388314,0.0,0.0,0.0,0.0006086427267194157,0.002434570906877663,0.0,0.0,0.0,0.0006086427267194157,0.0,0.0006086427267194157,0.0012172854534388314,0.0,0.0,0.0,0.0,0.0,0.0,0.0,0.0,0.0,0.0,0.0,0.0,0.0,0.0,0.0,0.0,0.0,0.0,0.0,0.004869141813755326,0.0,0.0006086427267194157,0.002434570906877663,0.0006086427267194157,0.0,0.0,0.0,0.0006086427267194157,0.0,0.0,0.0,0.0,0.0,0.0,0.0,0.0,0.0006086427267194157,0.0012172854534388314,0.0,0.0,0.0,0.0,0.0,0.0,0.0,0.0,0.0012172854534388314,0.0036518563603164943,0.0006086427267194157,0.0,0.0012172854534388314,0.0,0.0006086427267194157,0.0006086427267194157,0.0,0.0,0.00426049908703591,0.0,0.002434570906877663,0.0,0.0,0.0,0.0,0.0,0.0,0.0,0.0,0.0036518563603164943,0.0006086427267194157,0.0,0.0,0.0,0.0,0.0,0.0,0.0,0.0,0.0,0.0,0.0,0.0,0.0,0.0,0.0,0.0,0.0,0.0,0.0,0.0,0.0,0.0,0.0,0.0,0.0,0.0006086427267194157,0.0,0.0,0.0006086427267194157,0.0,0.0,0.0,0.0,0.0,0.0,0.0,0.0018259281801582471,0.0,0.0,0.0,0.0006086427267194157,0.0012172854534388314,0.0,0.0,0.0,0.0,0.0,0.0006086427267194157,0.0,0.0,0.0036518563603164943,0.0,0.0,0.0006086427267194157,0.0,0.0006086427267194157,0.0,0.0012172854534388314,0.0006086427267194157,0.0006086427267194157,0.0
22,0.008720112517580873,0.02250351617440225,0.015189873417721518,0.0,0.008720112517580873,0.0,0.0,0.0,0.0,0.0,0.0,0.009563994374120956,0.007594936708860759,0.0005625879043600563,0.0005625879043600563,0.0014064697609001407,0.00028129395218002813,0.0090014064697609,0.0,0.0,0.0,0.0005625879043600563,0.0,0.0005625879043600563,0.0,0.0,0.0,0.0,0.0,0.0005625879043600563,0.0,0.0,0.0,0.0,0.0,0.0008438818565400844,0.0,0.0016877637130801688,0.00028129395218002813,0.0,0.0,0.0016877637130801688,0.0,0.0,0.0,0.0,0.00028129395218002813,0.00028129395218002813,0.0028129395218002813,0.0,0.0005625879043600563,0.0,0.0005625879043600563,0.0,0.0011251758087201125,0.0,0.0,0.002250351617440225,0.0005625879043600563,0.0005625879043600563,0.0,0.0005625879043600563,0.0,0.0,0.0,0.0,0.0011251758087201125,0.0033755274261603376,0.0,0.0005625879043600563,0.0,0.0016877637130801688,0.0,0.0,0.0,0.0,0.0,0.0005625879043600563,0.0,0.0,0.0,0.0,0.0,0.0,0.0,0.0,0.0,0.00028129395218002813,0.0,0.0008438818565400844,0.0,0.0,0.0011251758087201125,0.0011251758087201125,0.004781997187060478,0.0,0.0,0.002250351617440225,0.0,0.0,0.0,0.0,0.0,0.0,0.0,0.0016877637130801688,0.0005625879043600563,0.0016877637130801688,0.0,0.0,0.0,0.0,0.0,0.0,0.0,0.0,0.00028129395218002813,0.0016877637130801688,0.0005625879043600563,0.00450070323488045,0.002531645569620253,0.0,0.0,0.002250351617440225,0.0,0.0011251758087201125,0.0,0.00028129395218002813,0.0,0.0011251758087201125,0.0,0.0,0.0,0.0,0.0,0.0,0.0011251758087201125,0.0033755274261603376,0.0,0.0,0.0,0.0,0.00028129395218002813,0.0,0.0,0.0,0.0,0.0,0.0,0.0,0.0,0.0,0.0,0.0,0.0,0.0,0.0,0.0,0.0,0.0,0.0,0.0,0.0,0.0,0.0,0.0005625879043600563,0.0,0.0,0.0,0.0,0.0,0.0,0.0,0.0,0.0,0.003938115330520394,0.003938115330520394,0.0,0.0005625879043600563,0.002250351617440225,0.0028129395218002813,0.0,0.0,0.0,0.0,0.0005625879043600563,0.0,0.0,0.0,0.0,0.0,0.0,0.0005625879043600563,0.0011251758087201125,0.0,0.0,0.0005625879043600563,0.0,0.0005625879043600563,0.0005625879043600563
23,0.008340283569641367,0.01751459549624687,0.014178482068390326,0.0,0.026688907422852376,0.004170141784820684,0.022518765638031693,0.022518765638031693,0.022518765638031693,0.0,0.0,0.005838198498748957,0.004170141784820684,0.0008340283569641367,0.0025020850708924102,0.0008340283569641367,0.0016680567139282735,0.0016680567139282735,0.0,0.0,0.0,0.0,0.0,0.0008340283569641367,0.0,0.0,0.0,0.0,0.0,0.0,0.0,0.0,0.0,0.0,0.0,0.003336113427856547,0.0,0.0,0.0,0.0,0.0008340283569641367,0.003336113427856547,0.0,0.0,0.0,0.0,0.0,0.0,0.0008340283569641367,0.0,0.0,0.0,0.0,0.0,0.0,0.0,0.0,0.0025020850708924102,0.0,0.0,0.0,0.0,0.0,0.0,0.0,0.0,0.0,0.0,0.0,0.0025020850708924102,0.0,0.0016680567139282735,0.0,0.0,0.0,0.0,0.0,0.0,0.0,0.0,0.0,0.0,0.0,0.0,0.0,0.0,0.0,0.0,0.0,0.0025020850708924102,0.0,0.0,0.004170141784820684,0.0,0.0,0.0,0.0,0.0008340283569641367,0.0,0.0,0.0,0.0,0.0,0.0,0.0,0.0,0.0,0.0008340283569641367,0.0,0.0,0.0,0.0,0.0,0.0,0.0,0.0,0.0016680567139282735,0.003336113427856547,0.0008340283569641367,0.0,0.0,0.0,0.0008340283569641367,0.0016680567139282735,0.0,0.0,0.0,0.0,0.0008340283569641367,0.0,0.0,0.0,0.0,0.0,0.0,0.0,0.0,0.0008340283569641367,0.0,0.0,0.0,0.0,0.0,0.0,0.0,0.0,0.0,0.0,0.0,0.0,0.0,0.0,0.0,0.0,0.0,0.0,0.0,0.0,0.0,0.0,0.0008340283569641367,0.0,0.0,0.0,0.0,0.0,0.0008340283569641367,0.0,0.0,0.0,0.0,0.0,0.0,0.0,0.0,0.0,0.0,0.0,0.0,0.0008340283569641367,0.0008340283569641367,0.0,0.0008340283569641367,0.0,0.0,0.0008340283569641367,0.0,0.0,0.0,0.0,0.0,0.0,0.0008340283569641367,0.0008340283569641367,0.0008340283569641367,0.0016680567139282735,0.0,0.0,0.0,0.0
24,0.004454342984409799,0.02338530066815145,0.018374164810690423,0.0,0.007238307349665924,0.0033407572383073497,0.0,0.0,0.0,0.0,0.0,0.011135857461024499,0.008351893095768375,0.0,0.0,0.0,0.0,0.0016703786191536749,0.0,0.0,0.0,0.0,0.0,0.0,0.0,0.0,0.0005567928730512249,0.0011135857461024498,0.0,0.0,0.0,0.0,0.0,0.0,0.0,0.0027839643652561247,0.0,0.0005567928730512249,0.0,0.004454342984409799,0.004454342984409799,0.0066815144766146995,0.0,0.0,0.0,0.0,0.0,0.0,0.0027839643652561247,0.004454342984409799,0.0,0.0,0.0,0.0,0.0027839643652561247,0.0022271714922048997,0.0,0.0,0.0,0.0016703786191536749,0.0005567928730512249,0.0005567928730512249,0.0005567928730512249,0.0011135857461024498,0.0,0.0005567928730512249,0.0,0.0,0.0011135857461024498,0.0005567928730512249,0.0011135857461024498,0.0,0.0,0.0,0.0,0.0,0.0,0.0,0.0,0.0,0.0,0.0,0.0,0.0,0.0,0.0,0.0,0.0,0.0,0.0022271714922048997,0.0,0.0,0.0011135857461024498,0.0,0.0016703786191536749,0.0,0.0,0.0,0.0,0.0,0.0,0.0,0.0,0.0,0.0005567928730512249,0.0022271714922048997,0.0011135857461024498,0.0,0.0,0.0,0.0,0.0,0.0,0.0,0.0,0.0,0.0005567928730512249,0.0033407572383073497,0.0011135857461024498,0.0005567928730512249,0.004454342984409799,0.004454342984409799,0.0,0.0,0.0,0.0005567928730512249,0.0,0.0,0.0,0.0,0.0,0.0,0.0,0.0,0.0,0.0,0.0,0.0005567928730512249,0.0,0.0,0.0,0.0022271714922048997,0.0,0.0,0.0,0.0,0.0,0.0,0.0,0.0,0.0,0.0,0.0,0.0,0.0,0.0,0.0,0.0,0.0,0.0005567928730512249,0.0,0.0,0.0,0.0,0.0,0.0005567928730512249,0.0,0.0,0.0,0.0,0.0,0.0,0.0,0.0,0.0,0.0005567928730512249,0.0005567928730512249,0.0,0.0,0.0,0.0,0.0,0.0,0.0,0.0,0.0005567928730512249,0.0,0.0,0.0,0.0005567928730512249,0.0,0.0,0.0,0.0,0.0,0.0,0.0,0.0027839643652561247,0.0,0.0
25,0.013741411617738912,0.028107432854465958,0.028107432854465958,0.0,0.012492192379762648,0.0037476577139287947,0.005621486570893191,0.005621486570893191,0.0,0.0006246096189881324,0.0006246096189881324,0.008744534665833853,0.006870705808869456,0.003123048094940662,0.0018738288569643974,0.0012492192379762648,0.0018738288569643974,0.0037476577139287947,0.0,0.0006246096189881324,0.0,0.0,0.0,0.0006246096189881324,0.0012492192379762648,0.0,0.0,0.0,0.0,0.0,0.0,0.0,0.0,0.0,0.0,0.0006246096189881324,0.0,0.003123048094940662,0.0,0.0,0.0,0.0012492192379762648,0.005621486570893191,0.0012492192379762648,0.0,0.0,0.0,0.0,0.0012492192379762648,0.0,0.0006246096189881324,0.0,0.0006246096189881324,0.0,0.0006246096189881324,0.0,0.0,0.0006246096189881324,0.0,0.0,0.0,0.0,0.0006246096189881324,0.0012492192379762648,0.0,0.0,0.0,0.0,0.0006246096189881324,0.0018738288569643974,0.0006246096189881324,0.0,0.0,0.0,0.0,0.0,0.0,0.0006246096189881324,0.0,0.0,0.0,0.0,0.0,0.0,0.0,0.0,0.0,0.0,0.0,0.0006246096189881324,0.0,0.0,0.0024984384759525295,0.0,0.0,0.0,0.0,0.0012492192379762648,0.0,0.0,0.0,0.0,0.0,0.0,0.0012492192379762648,0.0006246096189881324,0.0012492192379762648,0.0,0.0,0.0,0.0,0.0,0.0,0.0,0.0,0.0,0.0018738288569643974,0.0006246096189881324,0.0,0.0,0.0,0.0,0.0024984384759525295,0.004372267332916927,0.0006246096189881324,0.0,0.0,0.0,0.0012492192379762648,0.0,0.0,0.0,0.0,0.0,0.0,0.0,0.0,0.0,0.0006246096189881324,0.0,0.0,0.0,0.0,0.0,0.0,0.0,0.0,0.0,0.0,0.0,0.0,0.0,0.0,0.0,0.0,0.0,0.0,0.0,0.0,0.0024984384759525295,0.0006246096189881324,0.0,0.0,0.0,0.0,0.0006246096189881324,0.0,0.0012492192379762648,0.0,0.0,0.0,0.0,0.0,0.0,0.0,0.0,0.0,0.0,0.0,0.0,0.0006246096189881324,0.0,0.0006246096189881324,0.0,0.0,0.0006246096189881324,0.0,0.0,0.0,0.0,0.0,0.0,0.0,0.0,0.0012492192379762648,0.0012492192379762648,0.0012492192379762648,0.0012492192379762648,0.0,0.0018738288569643974
26,0.022988505747126436,0.02117362371445856,0.029038112522686024,0.0,0.008469449485783424,0.003629764065335753,0.006654567453115548,0.006654567453115548,0.0,0.0006049606775559589,0.0006049606775559589,0.0054446460980036296,0.0018148820326678765,0.0018148820326678765,0.0,0.003629764065335753,0.0018148820326678765,0.0024198427102238356,0.0,0.0,0.0,0.0,0.0,0.0006049606775559589,0.0,0.0,0.0,0.0,0.0,0.0,0.0,0.0,0.0,0.0,0.0,0.0024198427102238356,0.0,0.0006049606775559589,0.0,0.0,0.0,0.0024198427102238356,0.006654567453115548,0.0,0.0,0.0,0.0,0.0,0.006049606775559589,0.0,0.0006049606775559589,0.0,0.0,0.0,0.0006049606775559589,0.0,0.0,0.0,0.0018148820326678765,0.0006049606775559589,0.0,0.0,0.0006049606775559589,0.0,0.0,0.0,0.0006049606775559589,0.0,0.0,0.0,0.0018148820326678765,0.0,0.0,0.0,0.0,0.0,0.0,0.0006049606775559589,0.0,0.0012099213551119178,0.0,0.0,0.0,0.0,0.0,0.0,0.0,0.0,0.0,0.0018148820326678765,0.0,0.0,0.0012099213551119178,0.0,0.0018148820326678765,0.0,0.0,0.0006049606775559589,0.0,0.0,0.0,0.0,0.0,0.0,0.0,0.0012099213551119178,0.0,0.0,0.0,0.0,0.0,0.0,0.0006049606775559589,0.0,0.0,0.0,0.0024198427102238356,0.0006049606775559589,0.0,0.0006049606775559589,0.0024198427102238356,0.0,0.0,0.0,0.0,0.0006049606775559589,0.0,0.0,0.0018148820326678765,0.0,0.0,0.0,0.0,0.0,0.0,0.0,0.004234724742891712,0.004234724742891712,0.0006049606775559589,0.0006049606775559589,0.0,0.0,0.0,0.0006049606775559589,0.0,0.0,0.0,0.0,0.0,0.0,0.0,0.0,0.0,0.0,0.0,0.0,0.0,0.0,0.0,0.0012099213551119178,0.0,0.0,0.0,0.0,0.0,0.0,0.0,0.0006049606775559589,0.0,0.0,0.0,0.0,0.0,0.0006049606775559589,0.0,0.0018148820326678765,0.0,0.0,0.0,0.0006049606775559589,0.0006049606775559589,0.0006049606775559589,0.0006049606775559589,0.0,0.0,0.0018148820326678765,0.0,0.0,0.0,0.0012099213551119178,0.0,0.0,0.0,0.0006049606775559589,0.0018148820326678765,0.0018148820326678765,0.0012099213551119178,0.0006049606775559589,0.0018148820326678765,0.0
27,0.012585812356979404,0.016018306636155607,0.021739130434782608,0.0,0.008009153318077803,0.0,0.002860411899313501,0.002860411899313501,0.0,0.0,0.0,0.009725400457665904,0.005720823798627002,0.0011441647597254005,0.0005720823798627002,0.0017162471395881006,0.0011441647597254005,0.003432494279176201,0.0,0.0,0.0,0.0,0.0,0.0005720823798627002,0.0,0.0,0.0,0.0005720823798627002,0.0,0.0,0.0,0.0,0.0,0.0,0.0,0.0005720823798627002,0.0,0.0,0.0,0.0,0.0,0.0011441647597254005,0.002860411899313501,0.0,0.0,0.0,0.0,0.0,0.004576659038901602,0.0,0.0,0.0,0.0,0.002288329519450801,0.0005720823798627002,0.0,0.0,0.0005720823798627002,0.0,0.0,0.0,0.0,0.0,0.0,0.0,0.0,0.0,0.0,0.0005720823798627002,0.0005720823798627002,0.0,0.0,0.0,0.0,0.0,0.0,0.0,0.0,0.0,0.0,0.0,0.0,0.0,0.0,0.0,0.0,0.0,0.0,0.0,0.0017162471395881006,0.0,0.0,0.0017162471395881006,0.0,0.0005720823798627002,0.0,0.0,0.0011441647597254005,0.0,0.0,0.0,0.0,0.0,0.0,0.0,0.0017162471395881006,0.0,0.0,0.0,0.0,0.0,0.0,0.0005720823798627002,0.0,0.0,0.0,0.0005720823798627002,0.004004576659038902,0.0005720823798627002,0.0,0.0,0.0,0.0005720823798627002,0.0,0.0,0.0,0.0005720823798627002,0.0,0.0011441647597254005,0.0,0.0,0.0,0.0,0.0,0.0005720823798627002,0.0,0.0,0.002288329519450801,0.0,0.0017162471395881006,0.0,0.0,0.0,0.0005720823798627002,0.0,0.0,0.0,0.0,0.0,0.0,0.0,0.0,0.0,0.0,0.0,0.0,0.0,0.0,0.0,0.0005720823798627002,0.0,0.0,0.0,0.0,0.004004576659038902,0.0005720823798627002,0.0,0.0,0.0,0.0,0.0,0.0,0.0,0.0,0.0,0.0,0.0005720823798627002,0.0,0.0,0.0,0.002288329519450801,0.0,0.0005720823798627002,0.0,0.0,0.0011441647597254005,0.0011441647597254005,0.0,0.0,0.0,0.0,0.0,0.0,0.0,0.0005720823798627002,0.0,0.0017162471395881006,0.0005720823798627002,0.0005720823798627002,0.0
28,0.008994708994708995,0.01904761904761905,0.022222222222222223,0.0,0.004761904761904762,0.0015873015873015873,0.0,0.0,0.0,0.0,0.0,0.008465608465608466,0.007407407407407408,0.0005291005291005291,0.0010582010582010583,0.0005291005291005291,0.0005291005291005291,0.0026455026455026454,0.0,0.0026455026455026454,0.0,0.0,0.0,0.0,0.0,0.0005291005291005291,0.0,0.0,0.0,0.0,0.0,0.0,0.0,0.0,0.0,0.0021164021164021165,0.0,0.004232804232804233,0.0,0.0,0.0,0.0031746031746031746,0.0,0.0,0.0,0.0,0.0,0.0,0.0015873015873015873,0.0,0.0005291005291005291,0.0,0.0,0.0,0.0005291005291005291,0.0,0.0,0.0010582010582010583,0.0005291005291005291,0.005291005291005291,0.0010582010582010583,0.0,0.0,0.0005291005291005291,0.0,0.0,0.0005291005291005291,0.0,0.0005291005291005291,0.0005291005291005291,0.0015873015873015873,0.0,0.0,0.0,0.0,0.0,0.0,0.0005291005291005291,0.0,0.0005291005291005291,0.0,0.0,0.0,0.0,0.0,0.0,0.0,0.0,0.0,0.0015873015873015873,0.0010582010582010583,0.0,0.0031746031746031746,0.0005291005291005291,0.0010582010582010583,0.004761904761904762,0.0,0.0005291005291005291,0.0,0.0,0.0,0.0,0.0,0.0,0.0005291005291005291,0.0015873015873015873,0.0005291005291005291,0.0005291005291005291,0.0,0.0,0.0,0.0,0.0,0.0,0.0,0.0,0.0,0.0005291005291005291,0.0005291005291005291,0.0005291005291005291,0.0015873015873015873,0.0,0.0,0.0026455026455026454,0.0,0.0010582010582010583,0.0,0.0,0.0021164021164021165,0.0,0.0,0.0,0.0,0.0,0.0,0.0,0.0,0.0,0.004232804232804233,0.004232804232804233,0.0,0.0,0.0005291005291005291,0.0005291005291005291,0.0005291005291005291,0.0,0.0,0.0,0.0,0.0,0.0,0.0,0.0,0.0,0.0,0.0,0.0,0.0,0.0,0.0,0.0,0.0,0.0,0.0,0.0,0.0,0.0,0.0,0.0,0.0,0.0,0.0,0.0,0.0,0.0,0.0,0.0,0.0,0.0,0.0,0.0005291005291005291,0.0,0.003703703703703704,0.0,0.0,0.0005291005291005291,0.0,0.0,0.0,0.0010582010582010583,0.0,0.0,0.0,0.0,0.0010582010582010583,0.0005291005291005291,0.0021164021164021165,0.0,0.0015873015873015873,0.0
29,0.008690928843020097,0.024986420423682782,0.02933188484519283,0.0,0.0016295491580662683,0.017925040738728953,0.0,0.0,0.0,0.0,0.0016295491580662683,0.005431830526887561,0.011406844106463879,0.004888647474198805,0.0010863661053775121,0.0005431830526887561,0.0005431830526887561,0.0016295491580662683,0.0,0.0,0.0,0.0,0.0005431830526887561,0.0,0.0,0.0,0.0,0.0,0.0,0.0,0.0,0.0005431830526887561,0.0,0.0,0.0,0.0027159152634437804,0.0,0.0010863661053775121,0.0,0.0,0.0,0.004888647474198805,0.0,0.0010863661053775121,0.0,0.0,0.0,0.0,0.0032590983161325366,0.0,0.0,0.0,0.0005431830526887561,0.0,0.0,0.0,0.005431830526887561,0.0010863661053775121,0.0,0.0010863661053775121,0.0016295491580662683,0.0,0.0016295491580662683,0.0,0.0,0.0,0.0005431830526887561,0.0,0.0,0.0,0.0005431830526887561,0.0,0.0,0.0,0.0,0.0,0.0,0.0027159152634437804,0.0,0.0005431830526887561,0.0,0.0,0.0,0.0,0.0005431830526887561,0.0,0.0,0.0,0.004888647474198805,0.0005431830526887561,0.0,0.0,0.0038022813688212928,0.0010863661053775121,0.0005431830526887561,0.0,0.0,0.0,0.0,0.0,0.0,0.0,0.0,0.0,0.0,0.0,0.0,0.0,0.0,0.0,0.0,0.0,0.0,0.0,0.0,0.0,0.0,0.0,0.0005431830526887561,0.0,0.0005431830526887561,0.0,0.0010863661053775121,0.0005431830526887561,0.0043454644215100485,0.0010863661053775121,0.0,0.0,0.0,0.0,0.0,0.0,0.0,0.0,0.0,0.0,0.0,0.0027159152634437804,0.0005431830526887561,0.0,0.0,0.0005431830526887561,0.0005431830526887561,0.0005431830526887561,0.0,0.0,0.0,0.0,0.0,0.0,0.0,0.0,0.0,0.0,0.0,0.0,0.0,0.0,0.0,0.0,0.0,0.0016295491580662683,0.0,0.0,0.0,0.0,0.0,0.0005431830526887561,0.0,0.0,0.0,0.0,0.0,0.0,0.0,0.0027159152634437804,0.0,0.0038022813688212928,0.0005431830526887561,0.0,0.0005431830526887561,0.0,0.0016295491580662683,0.0,0.0,0.0,0.0,0.0,0.0,0.0005431830526887561,0.0,0.0,0.0005431830526887561,0.0,0.0005431830526887561,0.0032590983161325366,0.0005431830526887561,0.0,0.0005431830526887561,0.0005431830526887561
